distance_km,people,days,transport_type,ranking_mode,user_budget,price,duration_hours,comfort_rating,transport_score
917.7,3,4,car,fastest,21949.01,6056.56,15.8,4.5,46.14
2283.2,4,3,intercity_bus,comfort,54230.99,13242.52,46.2,4.1,63.81
1764.8,2,6,flight,balanced,17316.27,15530.47,6.5,4.7,63.83
1448.8,3,4,intercity_bus,balanced,9198.52,6302.37,29.5,4.1,48.5
399.8,2,3,central_bus,budget,14076.18,759.55,10.5,3.5,73.6
399.7,4,7,train,budget,74748.86,1838.65,6.6,4.3,77.12
167.7,5,4,train,balanced,46381.32,964.03,3.1,4.3,68.13
2082.8,1,2,central_bus,fastest,64725.93,1978.7,52.6,3.5,43.16
1454.6,3,4,intercity_bus,balanced,29949.09,6327.7,29.6,4.1,61.68
1708.1,1,3,central_bus,comfort,49449.4,1622.73,43.2,3.5,61.98
78.8,2,6,train,budget,42121.41,181.21,1.7,4.3,79.86
2328.7,2,6,intercity_bus,budget,75930.35,6753.19,47.1,4.1,76.13
2002.9,2,10,train,balanced,61068.1,4606.64,31.3,4.3,68.56
533.2,2,4,train,fastest,59790.7,1226.46,8.7,4.3,51.05
460.9,3,4,train,fastest,8476.5,1590.19,7.6,4.3,46.07
464.7,2,5,train,comfort,46225.23,1068.74,7.6,4.3,73.09
751.1,3,2,train,budget,40024.36,2591.14,12.1,4.3,78.29
1273.7,2,4,flight,balanced,74588.17,11208.32,5.1,4.7,91.79
1053.7,1,4,train,balanced,24300.65,1211.77,16.7,4.3,68.85
720.2,4,2,central_bus,budget,25237.51,2736.81,18.5,3.5,72.36
1480.1,2,4,train,balanced,35850.97,3404.21,23.3,4.3,68.91
360.6,2,6,taxi,budget,23252.73,2740.56,6.5,4.8,74.28
722.4,3,6,intercity_bus,fastest,14688.79,3142.37,14.9,4.1,42.88
898.3,2,2,train,fastest,69306.11,2066.04,14.3,4.3,49.3
1110.9,1,2,intercity_bus,balanced,46870.74,1610.78,22.7,4.1,71.49
1890.9,2,3,intercity_bus,fastest,69602.2,5483.51,38.3,4.1,45.27
503.2,6,6,central_bus,fastest,67335.11,2868.39,13.1,3.5,44.23
1248.7,3,2,train,comfort,26153.18,4308.14,19.7,4.3,68.43
1434.0,3,5,bike,budget,46080.31,6883.31,26.6,3.8,72.33
140.1,3,2,intercity_bus,budget,11241.33,609.38,3.3,4.1,78.35
1469.9,1,4,train,balanced,73643.89,1690.36,23.1,4.3,69.32
434.1,2,3,flight,budget,35319.7,3820.45,2.7,4.7,91.26
184.2,4,5,intercity_bus,comfort,34525.71,1068.2,4.2,4.1,71.11
2278.9,1,3,taxi,balanced,27706.65,8659.66,38.5,4.8,60.14
2318.5,2,4,intercity_bus,balanced,39549.78,6723.79,46.9,4.1,61.62
1945.9,2,3,flight,budget,23881.95,17123.94,7.1,4.7,63.84
751.9,2,5,train,fastest,33113.92,1729.45,12.1,4.3,49.02
261.5,8,6,taxi,fastest,64996.03,7949.08,4.9,4.8,47.31
1651.6,1,2,flight,fastest,67569.16,7267.18,6.2,4.7,96.26
1073.2,2,6,train,fastest,27813.69,2468.27,17.0,4.3,46.2
319.2,1,4,train,comfort,40176.08,367.12,5.4,4.3,72.13
1203.6,8,2,train,balanced,70536.48,11072.84,19.0,4.3,68.35
111.5,1,4,bike,fastest,8950.5,178.4,2.5,3.8,45.19
2185.1,2,3,train,comfort,71685.87,5025.71,34.1,4.3,74.04
643.3,3,5,intercity_bus,balanced,21438.83,2798.39,13.4,4.1,63.67
1600.2,3,5,train,budget,55890.44,5520.61,25.1,4.3,75.35
768.8,2,2,intercity_bus,budget,48691.38,2229.39,15.9,4.1,76.21
1262.6,2,4,central_bus,comfort,46470.56,2398.87,32.1,3.5,60.46
1325.7,2,6,car,balanced,69452.02,5833.09,22.6,4.5,68.47
468.1,2,7,intercity_bus,fastest,12617.91,1357.5,9.9,4.1,44.32
2327.9,1,4,flight,balanced,31027.1,10242.83,8.2,4.7,86.33
1867.1,2,7,intercity_bus,fastest,45368.96,5414.49,37.8,4.1,46.83
2256.6,2,4,train,comfort,65846.66,5190.21,35.2,4.3,71.36
2150.7,2,3,train,fastest,21233.23,4946.7,33.6,4.3,47.14
1447.0,3,6,central_bus,comfort,65219.74,4124.02,36.7,3.5,62.01
2214.8,6,4,car,balanced,34972.89,29235.91,37.4,4.5,44.9
239.7,3,4,taxi,balanced,19168.54,2732.89,4.5,4.8,71.15
494.5,1,4,train,fastest,61923.98,568.65,8.1,4.3,48.45
137.2,1,6,train,balanced,11817.42,157.77,2.6,4.3,69.52
801.0,6,6,train,fastest,43607.55,5527.13,12.8,4.3,45.65
951.2,2,4,car,balanced,9790.68,4185.13,16.4,4.5,57.11
673.1,1,3,taxi,budget,31731.34,2557.77,11.7,4.8,77.68
1994.1,2,4,flight,fastest,50080.76,17548.15,7.2,4.7,94.94
875.5,3,4,intercity_bus,comfort,46708.67,3808.45,18.0,4.1,68.44
695.8,3,3,intercity_bus,budget,35349.16,3026.79,14.4,4.1,74.79
1316.2,2,5,intercity_bus,comfort,37178.6,3816.95,26.8,4.1,66.48
364.0,1,4,train,balanced,22007.72,418.59,6.1,4.3,71.41
1931.2,6,3,intercity_bus,budget,39191.19,16801.5,39.1,4.1,60.4
206.7,2,2,train,balanced,76494.11,475.38,3.7,4.3,72.78
2368.9,3,3,train,fastest,68783.97,8172.78,36.9,4.3,47.36
1860.2,3,7,taxi,comfort,15892.47,21206.51,31.5,4.8,62.53
501.0,3,3,flight,balanced,7233.56,6612.62,2.9,4.7,64.55
43.1,2,3,intercity_bus,comfort,75014.32,124.95,1.4,4.1,68.18
1962.6,2,4,intercity_bus,comfort,44506.23,5691.67,39.8,4.1,65.93
1705.3,2,3,intercity_bus,balanced,45337.84,4945.23,34.6,4.1,65.58
1757.7,4,2,flight,fastest,63553.85,30936.35,6.5,4.7,91.9
1857.9,6,3,flight,comfort,28601.67,49048.84,6.8,4.7,82.61
205.5,1,4,flight,balanced,41143.07,904.14,2.1,4.7,95.62
879.6,1,4,flight,fastest,77649.72,3870.08,4.0,4.7,95.7
304.6,6,3,train,balanced,55411.15,2101.81,5.2,4.3,73.06
2075.6,3,4,train,fastest,16530.88,7160.67,32.4,4.3,42.73
1507.2,5,7,intercity_bus,comfort,14992.01,10927.32,30.6,4.1,58.27
814.2,1,3,train,budget,20319.86,936.36,13.0,4.3,78.69
180.6,2,3,flight,balanced,62503.38,1589.57,2.0,4.7,94.5
767.0,3,3,train,comfort,27153.28,2646.25,12.3,4.3,72.23
800.7,3,4,train,balanced,6604.16,2762.36,12.8,4.3,57.79
1759.2,2,5,intercity_bus,balanced,75813.08,5101.58,35.7,4.1,69.57
1541.0,1,3,bike,fastest,17728.51,2465.62,28.5,3.8,42.62
2132.7,2,5,train,balanced,5716.86,4905.2,33.3,4.3,41.59
1149.1,2,2,central_bus,fastest,22784.87,2183.38,29.2,3.5,40.96
313.4,2,4,intercity_bus,comfort,22627.16,908.97,6.8,4.1,68.76
1720.4,6,5,train,balanced,36650.39,11870.69,27.0,4.3,57.95
1833.1,2,3,intercity_bus,comfort,74029.24,5315.88,37.2,4.1,68.06
1360.2,4,4,flight,budget,70938.87,23939.99,5.4,4.7,78.39
1857.2,1,3,intercity_bus,comfort,39267.09,2692.93,37.6,4.1,68.48
1200.3,3,5,taxi,balanced,35817.49,13683.37,20.5,4.8,55.98
1268.9,8,2,train,budget,46625.68,11673.67,20.0,4.3,65.02
1043.3,1,6,train,fastest,23259.05,1199.76,16.6,4.3,48.45
90.2,1,3,car,budget,8913.87,198.54,2.0,4.5,78.49
285.7,2,6,intercity_bus,balanced,75441.81,828.54,6.2,4.1,67.72
104.5,1,3,central_bus,balanced,19002.42,99.26,3.1,3.5,68.65
1538.3,3,5,flight,comfort,19880.05,20305.46,5.9,4.7,81.29
775.0,5,3,train,fastest,40434.52,4456.39,12.4,4.3,47.95
1235.3,2,7,flight,balanced,41871.0,10870.75,5.0,4.7,87.76
2180.9,2,2,train,balanced,6382.57,5016.14,34.1,4.3,47.99
620.8,2,3,train,fastest,16096.61,1427.89,10.1,4.3,45.95
1002.6,3,4,train,fastest,33361.61,3459.0,15.9,4.3,49.32
1820.7,1,2,flight,comfort,56279.8,8010.89,6.7,4.7,93.57
572.3,2,3,train,budget,22131.38,1316.18,9.3,4.3,74.86
212.4,3,7,flight,fastest,36726.08,2804.24,2.1,4.7,97.36
716.7,3,10,car,balanced,46800.88,4730.29,12.4,4.5,68.58
412.1,1,3,intercity_bus,fastest,71644.44,597.54,8.7,4.1,43.11
2233.4,3,7,intercity_bus,balanced,29455.29,9715.22,45.2,4.1,56.66
1945.2,1,4,intercity_bus,comfort,15016.87,2820.61,39.4,4.1,66.12
1531.2,1,3,train,budget,41695.42,1760.84,24.1,4.3,78.73
2095.4,5,5,intercity_bus,comfort,61004.12,15191.37,42.4,4.1,61.53
1934.7,3,5,central_bus,fastest,13239.48,5513.9,48.9,3.5,39.27
472.2,1,10,bike,balanced,36851.26,755.47,9.1,3.8,67.66
2145.4,1,3,car,fastest,6333.89,4719.8,36.3,4.5,37.84
1308.2,1,5,taxi,fastest,7516.94,4971.32,22.3,4.8,42.68
1943.6,2,2,taxi,fastest,41221.5,14771.61,32.9,4.8,44.27
2153.7,1,2,intercity_bus,fastest,27364.8,3122.92,43.6,4.1,45.45
783.7,1,2,central_bus,budget,68383.05,744.48,20.1,3.5,77.4
290.8,2,10,taxi,balanced,50161.57,2210.26,5.3,4.8,71.0
570.2,3,6,intercity_bus,fastest,39044.97,2480.4,11.9,4.1,43.91
1042.2,3,5,bike,balanced,35595.15,5002.78,19.4,3.8,64.92
1968.7,3,4,intercity_bus,budget,42293.41,8563.82,39.9,4.1,68.31
2069.9,1,3,central_bus,balanced,8032.91,1966.43,52.2,3.5,57.08
46.5,6,3,flight,balanced,71959.5,1226.98,1.6,4.7,97.42
1240.5,4,3,car,budget,79872.74,10916.15,21.2,4.5,73.38
1019.3,4,3,train,fastest,18611.53,4688.61,16.2,4.3,45.27
556.4,4,5,flight,balanced,14028.72,9792.56,3.1,4.7,74.3
314.1,6,4,intercity_bus,comfort,15768.31,2732.5,6.8,4.1,66.2
830.1,2,2,train,balanced,54577.03,1909.34,13.3,4.3,70.27
2264.7,1,2,flight,fastest,54608.06,9964.66,8.0,4.7,94.68
796.0,3,2,central_bus,comfort,68594.31,2268.57,20.4,3.5,63.01
1259.5,3,4,central_bus,fastest,61386.98,3589.67,32.0,3.5,41.8
1696.2,3,7,train,balanced,38726.73,5851.73,26.6,4.3,67.53
891.8,2,4,intercity_bus,budget,50964.15,2586.23,18.3,4.1,75.65
2333.1,1,6,central_bus,fastest,56621.35,2216.47,58.8,3.5,40.78
2311.0,2,4,intercity_bus,fastest,43455.24,6701.9,46.7,4.1,44.42
626.7,6,3,train,budget,40673.82,4324.4,10.1,4.3,75.38
1208.5,2,2,bike,balanced,53382.31,3867.13,22.5,3.8,65.22
743.1,2,6,intercity_bus,fastest,46810.59,2154.94,15.4,4.1,46.27
705.1,2,5,flight,balanced,53295.67,6204.63,3.5,4.7,90.48
117.4,2,3,intercity_bus,balanced,50964.11,340.52,2.8,4.1,70.53
1474.7,5,4,intercity_bus,balanced,58939.74,10691.34,30.0,4.1,61.34
1221.3,3,4,intercity_bus,budget,53210.26,5312.87,24.9,4.1,76.89
152.0,4,4,intercity_bus,balanced,43980.69,881.63,3.5,4.1,66.57
690.4,2,7,intercity_bus,balanced,56134.76,2002.14,14.3,4.1,70.07
2182.6,3,4,intercity_bus,comfort,38711.15,9494.27,44.2,4.1,65.17
597.8,1,4,intercity_bus,comfort,23125.34,866.75,12.5,4.1,67.86
373.4,3,2,train,comfort,5106.37,1288.23,6.2,4.3,68.34
1190.0,2,2,intercity_bus,fastest,46997.31,3451.01,24.3,4.1,44.98
2366.0,2,3,train,fastest,49299.14,5441.78,36.9,4.3,45.28
603.7,3,2,train,comfort,77903.67,2082.66,9.8,4.3,70.22
1623.0,6,5,car,budget,32110.88,21423.09,27.5,4.5,48.05
1835.0,1,5,central_bus,budget,34559.99,1743.29,46.4,3.5,72.2
593.2,4,2,central_bus,comfort,20134.97,2254.16,15.3,3.5,60.3
1755.9,2,6,intercity_bus,fastest,10290.07,5092.03,35.6,4.1,44.38
901.6,2,3,car,fastest,62960.34,3967.24,15.5,4.5,45.2
1528.6,1,3,central_bus,budget,23726.08,1452.14,38.7,3.5,75.95
1531.5,2,3,flight,balanced,50667.86,13476.9,5.9,4.7,86.91
1299.8,2,3,intercity_bus,budget,56582.98,3769.38,26.5,4.1,76.49
244.0,1,3,bike,balanced,40342.75,390.38,4.9,3.8,69.76
2009.7,2,4,taxi,fastest,70726.41,15273.47,34.0,4.8,47.42
790.2,6,4,taxi,fastest,38284.61,18017.67,13.7,4.8,42.88
472.0,1,10,train,comfort,26368.15,542.86,7.8,4.3,74.52
126.6,4,2,train,fastest,72201.16,582.53,2.4,4.3,46.78
1430.4,2,2,train,balanced,69617.32,3289.96,22.5,4.3,70.17
1635.8,3,2,train,budget,17303.0,5643.61,25.7,4.3,64.37
69.3,2,4,taxi,comfort,6947.08,526.78,1.7,4.8,73.17
1243.7,1,2,train,balanced,11748.92,1430.21,19.6,4.3,66.78
566.8,1,6,train,budget,26491.05,651.81,9.2,4.3,79.33
1559.1,1,4,train,budget,77919.49,1792.92,24.5,4.3,78.52
443.2,1,4,train,budget,46888.71,509.74,7.3,4.3,83.43
1667.5,3,4,train,fastest,32994.63,5752.95,26.2,4.3,44.74
946.6,5,3,flight,budget,71653.71,20824.38,4.2,4.7,84.64
2250.1,4,3,central_bus,fastest,38985.22,8550.19,56.8,3.5,40.95
355.9,3,3,train,budget,28642.9,1227.94,6.0,4.3,78.15
838.3,1,4,intercity_bus,budget,75591.46,1215.57,17.3,4.1,76.96
298.9,2,3,intercity_bus,fastest,68713.82,866.9,6.5,4.1,43.49
2221.5,2,2,train,fastest,68275.13,5109.5,34.7,4.3,46.22
2109.3,1,10,central_bus,balanced,43421.36,2003.83,53.2,3.5,62.63
641.3,2,2,flight,budget,64207.88,5643.63,3.3,4.7,91.5
1594.2,2,6,flight,fastest,18451.5,14028.63,6.1,4.7,87.57
1966.8,2,5,flight,balanced,47991.72,17307.99,7.1,4.7,86.5
1345.8,2,3,train,balanced,78788.44,3095.4,21.2,4.3,71.02
1285.3,4,2,car,fastest,26821.88,11310.39,21.9,4.5,44.25
603.2,4,2,flight,budget,64576.42,10616.14,3.2,4.7,90.06
250.7,2,5,car,balanced,41785.88,1102.88,4.7,4.5,70.97
2156.4,5,4,train,budget,7985.43,12399.31,33.7,4.3,32.51
2164.0,6,5,car,budget,62226.45,28564.68,36.6,4.5,56.56
1530.5,2,7,flight,balanced,17642.69,13467.96,5.9,4.7,70.54
833.5,2,5,taxi,fastest,52360.52,6334.6,14.4,4.8,47.8
857.6,2,3,train,budget,11424.81,1972.54,13.7,4.3,69.7
1750.5,6,3,flight,comfort,76015.05,46213.59,6.5,4.7,91.33
2156.2,5,6,car,fastest,26879.29,23717.66,36.4,4.5,38.51
2132.4,1,3,central_bus,balanced,21984.85,2025.78,53.8,3.5,63.92
1878.3,2,2,central_bus,comfort,14685.23,3568.78,47.5,3.5,61.1
1551.6,2,5,car,budget,75950.16,6827.11,26.4,4.5,77.31
229.4,2,4,intercity_bus,fastest,58392.78,665.29,5.1,4.1,44.71
413.1,1,7,central_bus,comfort,60624.57,392.41,10.8,3.5,62.96
2159.6,4,5,intercity_bus,fastest,42455.34,12525.53,43.7,4.1,39.56
1467.2,3,2,car,budget,40604.58,9683.76,25.0,4.5,67.67
51.8,4,7,train,fastest,13251.59,238.27,1.3,4.3,48.34
270.5,4,3,intercity_bus,comfort,46988.08,1568.83,5.9,4.1,69.14
1602.5,3,3,central_bus,fastest,23518.74,4567.12,40.6,3.5,41.75
42.0,2,4,flight,balanced,78285.9,369.56,1.6,4.7,96.75
411.1,3,2,central_bus,balanced,64743.57,1171.68,10.8,3.5,64.21
1330.5,1,4,car,comfort,35974.4,2927.1,22.7,4.5,73.65
1669.8,3,2,car,fastest,16350.59,11020.62,28.3,4.5,42.7
1575.1,1,4,train,comfort,63899.88,1811.42,24.7,4.3,72.77
561.5,3,3,intercity_bus,fastest,14154.03,2442.6,11.7,4.1,42.8
1717.9,1,5,train,budget,19200.03,1975.54,26.9,4.3,76.74
592.3,1,6,train,balanced,20864.04,681.12,9.6,4.3,75.47
801.2,1,3,intercity_bus,budget,46766.8,1161.74,16.5,4.1,77.99
1799.2,1,3,car,fastest,64029.25,3958.21,30.5,4.5,44.7
1569.6,3,3,taxi,budget,28573.62,17893.78,26.7,4.8,48.84
2042.7,3,3,train,comfort,11350.24,7047.18,31.9,4.3,63.47
1588.5,2,5,train,comfort,39840.38,3653.65,24.9,4.3,68.06
1376.9,1,5,central_bus,fastest,61108.27,1308.05,34.9,3.5,41.9
252.0,1,3,intercity_bus,balanced,21624.79,365.41,5.5,4.1,69.56
901.5,1,3,train,comfort,21494.34,1036.71,14.4,4.3,73.42
658.5,1,2,taxi,balanced,76042.03,2502.41,11.5,4.8,73.36
608.3,5,4,car,fastest,76561.53,6690.81,10.6,4.5,47.71
2336.0,1,2,intercity_bus,balanced,79284.93,3387.25,47.2,4.1,64.85
961.6,2,10,taxi,fastest,65574.47,7308.48,16.5,4.8,48.15
2144.2,1,5,intercity_bus,budget,19113.81,3109.02,43.4,4.1,71.98
1525.8,1,3,flight,fastest,20898.61,6713.51,5.9,4.7,94.57
1913.7,2,4,intercity_bus,budget,30516.89,5549.74,38.8,4.1,67.37
1221.2,3,7,train,fastest,28859.94,4213.31,19.3,4.3,45.12
1397.3,1,4,car,comfort,76739.58,3073.98,23.8,4.5,70.93
1197.3,1,3,intercity_bus,comfort,64180.55,1736.04,24.4,4.1,65.54
492.7,2,3,flight,balanced,59300.66,4335.99,2.9,4.7,94.54
1742.2,1,6,intercity_bus,fastest,18947.24,2526.21,35.3,4.1,42.24
695.4,1,4,train,fastest,73214.42,799.75,11.2,4.3,51.57
87.6,6,5,train,fastest,67090.28,604.64,1.8,4.3,47.4
1559.8,3,6,intercity_bus,balanced,17273.14,6785.0,31.7,4.1,57.78
449.8,2,6,central_bus,comfort,70337.77,854.53,11.7,3.5,60.32
2258.9,2,7,train,fastest,25418.57,5195.44,35.3,4.3,44.9
2290.8,2,2,central_bus,balanced,11065.23,4352.54,57.8,3.5,53.31
2198.2,2,4,central_bus,fastest,54261.67,4176.63,55.5,3.5,39.73
907.3,3,5,flight,budget,54035.35,11976.04,4.1,4.7,85.69
66.6,3,5,intercity_bus,fastest,12119.9,289.85,1.8,4.1,44.21
2230.1,1,4,car,budget,28913.89,4906.25,37.7,4.5,71.59
1044.8,2,3,intercity_bus,balanced,79461.08,3029.91,21.4,4.1,71.03
2321.0,2,5,intercity_bus,balanced,55882.0,6730.82,46.9,4.1,65.94
2313.8,5,5,train,comfort,59755.64,13304.23,36.1,4.3,69.22
2051.6,3,2,train,fastest,20968.8,7078.13,32.1,4.3,45.18
727.8,2,4,train,balanced,10908.66,1674.04,11.7,4.3,67.02
942.7,1,3,central_bus,comfort,25767.63,895.55,24.1,3.5,62.21
2047.2,3,3,train,fastest,23667.38,7062.82,32.0,4.3,44.28
781.1,1,2,train,balanced,22590.81,898.27,12.5,4.3,70.33
431.7,2,4,flight,budget,19456.57,3798.94,2.7,4.7,89.37
1349.6,1,4,train,balanced,48106.68,1552.06,21.3,4.3,72.03
2248.7,3,4,train,budget,29607.76,7757.97,35.1,4.3,66.85
1679.6,1,5,train,comfort,66525.88,1931.53,26.3,4.3,72.56
1381.0,2,6,flight,comfort,18796.06,12153.2,5.4,4.7,85.81
260.3,5,3,train,fastest,39847.03,1496.77,4.5,4.3,47.42
1487.6,1,2,intercity_bus,fastest,6024.34,2156.97,30.3,4.1,40.48
2376.4,2,6,intercity_bus,fastest,41126.17,6891.64,48.0,4.1,42.82
362.0,2,3,central_bus,comfort,9187.87,687.8,9.5,3.5,63.75
1258.4,1,10,central_bus,budget,78329.26,1195.52,32.0,3.5,76.66
2109.4,4,6,flight,fastest,64294.41,37124.99,7.5,4.7,91.83
1785.6,1,4,train,fastest,41758.36,2053.46,28.0,4.3,45.08
1681.9,2,10,train,comfort,11494.05,3868.43,26.4,4.3,66.33
1694.9,2,2,train,budget,49433.41,3898.24,26.6,4.3,76.01
882.0,3,3,train,balanced,61907.28,3042.88,14.1,4.3,68.51
725.8,3,4,train,fastest,19303.79,2504.05,11.7,4.3,46.48
1948.2,2,3,train,balanced,47615.63,4480.83,30.5,4.3,67.53
1950.0,1,7,intercity_bus,balanced,66065.82,2827.45,39.5,4.1,68.21
2085.0,3,2,central_bus,fastest,62618.58,5942.14,52.6,3.5,41.09
2194.4,2,4,intercity_bus,comfort,65224.4,6363.7,44.4,4.1,66.07
1241.9,4,4,flight,fastest,70949.26,21857.11,5.0,4.7,93.72
1218.6,4,5,train,budget,75326.16,5605.53,19.2,4.3,76.71
1922.0,4,3,train,budget,35414.09,8841.01,30.1,4.3,69.61
1570.4,2,3,intercity_bus,fastest,47657.68,4554.2,31.9,4.1,44.2
1693.7,2,6,train,balanced,64299.46,3895.42,26.6,4.3,68.36
1916.0,4,3,train,budget,57285.49,8813.73,30.0,4.3,73.22
2139.3,2,6,intercity_bus,budget,79664.02,6204.01,43.3,4.1,77.72
831.0,1,4,car,fastest,6025.82,1828.31,14.4,4.5,45.63
920.1,4,5,flight,fastest,31634.99,16194.32,4.1,4.7,93.1
252.7,5,5,train,comfort,26077.09,1453.24,4.4,4.3,72.1
1400.5,2,3,taxi,fastest,24673.69,10643.98,23.8,4.8,45.73
115.2,1,4,flight,fastest,21689.73,506.81,1.8,4.7,98.78
1133.5,2,6,central_bus,budget,58184.29,2153.59,28.8,3.5,76.29
1316.1,4,4,taxi,budget,11356.96,20004.23,22.4,4.8,32.63
709.1,5,7,intercity_bus,budget,60620.66,5141.0,14.7,4.1,73.19
1430.3,1,4,train,balanced,57006.94,1644.82,22.5,4.3,68.21
102.3,1,2,intercity_bus,budget,23810.31,148.31,2.5,4.1,78.98
118.5,5,3,intercity_bus,budget,23962.53,859.24,2.9,4.1,77.37
1979.6,2,7,intercity_bus,fastest,52164.54,5740.73,40.1,4.1,42.86
883.7,2,3,central_bus,comfort,62162.83,1678.94,22.6,3.5,63.69
331.1,6,6,car,budget,70736.42,4370.96,6.0,4.5,74.54
1267.7,1,6,car,comfort,68910.47,2788.98,21.6,4.5,71.88
1854.9,3,3,taxi,budget,77366.22,21145.69,31.4,4.8,66.64
541.5,1,2,flight,budget,48603.87,2382.58,3.0,4.7,92.49
1506.3,2,5,car,comfort,73149.17,6627.5,25.6,4.5,74.17
232.3,4,3,train,fastest,65638.5,1068.46,4.1,4.3,45.54
152.5,2,5,train,budget,72100.07,350.72,2.8,4.3,79.19
1289.3,8,4,intercity_bus,comfort,5872.0,14956.0,26.3,4.1,55.33
1311.3,2,4,taxi,budget,77442.72,9965.92,22.4,4.8,75.56
1540.7,2,5,intercity_bus,balanced,40514.76,4468.06,31.3,4.1,64.06
1750.8,1,3,flight,balanced,64863.72,7703.68,6.5,4.7,93.97
2342.8,2,4,train,balanced,14540.31,5388.37,36.5,4.3,58.94
1253.6,2,3,train,balanced,34695.58,2883.35,19.8,4.3,72.06
795.4,1,3,flight,fastest,25359.55,3499.79,3.8,4.7,96.63
1914.6,2,4,train,balanced,26874.41,4403.56,30.0,4.3,65.52
671.9,2,6,intercity_bus,comfort,14244.17,1948.43,13.9,4.1,65.64
1070.4,3,3,train,budget,65432.29,3692.75,17.0,4.3,76.38
215.9,3,4,train,comfort,5693.17,745.0,3.8,4.3,68.64
90.1,3,5,flight,balanced,28437.91,1189.07,1.8,4.7,97.69
2311.5,1,3,intercity_bus,fastest,18080.79,3351.64,46.7,4.1,42.94
2011.3,1,3,central_bus,balanced,49177.92,1910.71,50.8,3.5,66.42
1679.5,3,7,train,balanced,24068.93,5794.13,26.3,4.3,65.32
999.2,2,5,flight,fastest,24424.88,8793.12,4.4,4.7,90.26
440.7,1,4,intercity_bus,fastest,41625.36,639.03,9.3,4.1,46.54
400.8,4,4,central_bus,fastest,53951.68,1522.87,10.5,3.5,41.66
623.1,4,2,flight,fastest,14097.85,10966.13,3.3,4.7,90.27
1331.7,2,4,train,fastest,18163.36,3062.83,21.0,4.3,44.81
1723.6,1,4,taxi,fastest,23538.11,6549.65,29.2,4.8,43.97
1594.7,4,4,central_bus,budget,78031.12,6059.74,40.4,3.5,74.14
693.4,2,3,intercity_bus,balanced,34786.44,2010.99,14.4,4.1,71.14
2293.0,4,2,train,balanced,49924.26,10547.94,35.8,4.3,65.58
1778.8,4,3,car,fastest,23115.71,15653.58,30.1,4.5,42.41
1343.8,4,7,flight,comfort,41784.46,23651.22,5.3,4.7,87.02
1479.8,2,4,train,fastest,10558.94,3403.49,23.3,4.3,43.62
1024.5,1,4,train,budget,7605.66,1178.12,16.3,4.3,71.4
617.1,3,2,flight,comfort,40155.01,8146.02,3.3,4.7,92.02
873.7,3,2,central_bus,budget,34899.45,2489.92,22.3,3.5,70.64
1826.1,3,5,flight,comfort,15266.02,24104.46,6.7,4.7,79.71
64.1,1,4,intercity_bus,comfort,56570.11,92.96,1.8,4.1,68.11
305.1,1,4,flight,fastest,79467.76,1342.41,2.4,4.7,96.97
139.0,5,3,intercity_bus,budget,34673.51,1007.94,3.3,4.1,77.8
126.5,3,5,train,comfort,51841.9,436.52,2.4,4.3,72.26
2057.4,5,3,central_bus,budget,77223.2,9772.85,51.9,3.5,70.94
1697.7,4,3,bike,fastest,67365.12,10865.08,31.4,3.8,42.54
1153.8,2,4,train,fastest,39766.42,2653.72,18.3,4.3,44.13
261.9,3,3,intercity_bus,fastest,60311.71,1139.12,5.7,4.1,43.72
1195.1,5,3,central_bus,fastest,14610.13,5676.87,30.4,3.5,36.51
1152.1,2,4,intercity_bus,balanced,43407.79,3341.17,23.5,4.1,67.59
440.5,3,5,taxi,comfort,25929.52,5021.57,7.8,4.8,74.44
1058.2,1,6,flight,balanced,17087.28,4656.2,4.5,4.7,88.97
974.5,2,4,train,fastest,36971.07,2241.25,15.5,4.3,48.27
1489.6,3,2,bike,comfort,14826.09,7149.91,27.6,3.8,59.19
1535.2,2,3,flight,comfort,57423.88,13509.51,5.9,4.7,91.49
137.4,1,10,taxi,budget,39218.0,522.01,2.8,4.8,79.24
917.8,2,4,central_bus,fastest,44835.85,1743.88,23.4,3.5,39.21
1513.3,1,5,taxi,balanced,15978.2,5750.49,25.7,4.8,61.44
1222.4,1,2,train,budget,15482.87,1405.8,19.3,4.3,75.51
2059.9,2,4,train,comfort,48756.16,4737.73,32.2,4.3,68.52
1591.1,5,2,taxi,balanced,78875.73,30230.97,27.0,4.8,57.89
416.2,2,4,train,fastest,12218.79,957.16,6.9,4.3,45.66
197.2,1,7,train,balanced,26429.86,226.84,3.5,4.3,71.24
1552.5,1,7,flight,balanced,70209.43,6831.15,5.9,4.7,95.3
92.8,3,4,taxi,balanced,10420.4,1058.28,2.0,4.8,68.47
1418.3,2,4,train,budget,70691.43,3262.06,22.3,4.3,74.63
2258.3,4,7,taxi,comfort,44321.45,34326.85,38.1,4.8,64.08
1393.9,3,5,central_bus,balanced,35620.01,3972.54,35.3,3.5,62.79
950.0,4,2,intercity_bus,comfort,28226.04,5509.78,19.5,4.1,65.71
1554.6,2,4,taxi,budget,27283.79,11814.91,26.4,4.8,58.44
1116.1,3,3,intercity_bus,fastest,27935.19,4854.86,22.8,4.1,43.36
1323.1,2,4,train,fastest,71360.23,3043.16,20.9,4.3,47.42
2261.3,6,4,train,balanced,59284.64,15602.77,35.3,4.3,62.22
945.1,3,4,intercity_bus,budget,55229.23,4111.03,19.4,4.1,75.95
2308.0,2,3,intercity_bus,fastest,64906.19,6693.26,46.7,4.1,43.1
2175.7,2,3,flight,budget,24283.6,19145.99,7.7,4.7,57.25
494.0,1,4,flight,budget,51353.21,2173.71,2.9,4.7,97.35
194.4,3,6,central_bus,balanced,39504.97,554.0,5.4,3.5,67.28
268.8,1,5,flight,balanced,63683.12,1182.91,2.3,4.7,97.69
73.2,2,3,train,budget,28194.21,168.33,1.6,4.3,81.85
253.8,2,7,train,budget,53238.4,583.81,4.4,4.3,80.55
1648.7,3,7,taxi,balanced,71165.93,18795.48,28.0,4.8,64.69
198.7,4,3,train,budget,35161.29,914.1,3.6,4.3,76.65
786.0,4,2,train,balanced,9996.66,3615.47,12.6,4.3,59.12
2032.4,4,5,central_bus,comfort,43703.81,7722.95,51.3,3.5,59.93
85.2,1,6,intercity_bus,budget,30947.94,123.47,2.2,4.1,81.37
1960.3,1,7,taxi,balanced,55416.9,7449.1,33.2,4.8,69.23
698.0,3,6,train,budget,76327.47,2408.09,11.2,4.3,77.79
310.1,2,4,train,balanced,41420.62,713.12,5.3,4.3,71.43
1681.3,2,4,train,budget,39964.27,3866.91,26.4,4.3,75.73
1520.6,1,2,central_bus,fastest,54093.86,1444.56,38.5,3.5,42.27
2109.6,2,3,intercity_bus,fastest,12762.31,6117.87,42.7,4.1,38.45
1772.1,1,4,intercity_bus,budget,24012.96,2569.57,35.9,4.1,74.25
1934.2,5,4,taxi,fastest,73923.45,36750.75,32.7,4.8,42.57
698.4,1,4,car,budget,55245.7,1536.53,12.1,4.5,79.46
450.5,2,5,train,budget,6008.3,1036.22,7.4,4.3,70.61
1809.0,1,3,intercity_bus,comfort,20346.91,2622.99,36.7,4.1,66.16
1942.2,3,4,intercity_bus,comfort,56212.79,8448.56,39.3,4.1,68.48
2377.5,2,2,car,fastest,62329.94,10460.99,40.1,4.5,44.03
1007.9,5,4,bike,comfort,67989.47,8063.23,18.8,3.8,63.38
911.7,5,5,train,comfort,26913.26,5242.18,14.5,4.3,68.84
1870.1,2,5,flight,budget,74827.14,16456.87,6.8,4.7,85.25
837.7,5,10,intercity_bus,balanced,46471.02,6073.36,17.3,4.1,63.68
2235.9,8,3,train,budget,57240.43,20570.23,34.9,4.3,62.5
2064.4,4,4,train,comfort,49755.41,9496.42,32.3,4.3,66.72
1046.7,4,3,intercity_bus,budget,14205.5,6070.95,21.4,4.1,56.18
1809.6,1,4,intercity_bus,fastest,77233.6,2623.87,36.7,4.1,47.51
1818.3,2,6,train,balanced,14215.67,4182.01,28.5,4.3,61.86
274.4,1,5,central_bus,comfort,24116.15,260.68,7.4,3.5,61.58
2169.1,1,6,train,comfort,66022.09,2494.41,33.9,4.3,71.9
1227.4,8,3,central_bus,budget,51394.77,9328.61,31.2,3.5,69.06
1988.7,2,6,train,budget,67861.19,4574.02,31.1,4.3,78.44
788.5,3,2,train,budget,43680.21,2720.39,12.6,4.3,77.01
2152.4,4,6,intercity_bus,budget,33274.49,12483.86,43.5,4.1,61.76
952.4,4,3,train,comfort,74138.41,4381.08,15.2,4.3,67.9
55.7,8,3,intercity_bus,budget,7718.92,645.95,1.6,4.1,73.29
2175.8,1,4,train,comfort,69209.77,2502.12,34.0,4.3,71.55
246.3,1,7,intercity_bus,budget,22311.33,357.21,5.4,4.1,78.75
786.8,2,2,train,balanced,68655.22,1809.58,12.6,4.3,69.18
2281.6,1,3,central_bus,balanced,15439.75,2167.56,57.5,3.5,62.4
2282.9,1,6,flight,budget,48516.42,10044.93,8.0,4.7,86.11
1389.0,2,3,train,budget,71608.09,3194.81,21.9,4.3,77.67
1527.5,4,3,intercity_bus,fastest,40515.47,8859.23,31.0,4.1,44.12
1092.8,2,4,train,balanced,60992.5,2513.48,17.3,4.3,71.39
724.9,2,3,central_bus,comfort,65350.37,1377.33,18.6,3.5,61.05
808.9,3,7,train,balanced,60237.07,2790.83,12.9,4.3,68.26
1623.9,1,5,intercity_bus,comfort,74399.73,2354.61,33.0,4.1,67.88
1813.1,1,4,intercity_bus,budget,38512.57,2629.04,36.8,4.1,75.6
1906.0,4,10,car,balanced,17984.41,16773.17,32.3,4.5,38.02
1901.4,3,4,intercity_bus,balanced,8585.83,8271.07,38.5,4.1,37.43
246.2,4,2,central_bus,fastest,23484.49,935.4,6.7,3.5,41.98
1201.8,1,3,intercity_bus,fastest,15739.81,1742.58,24.5,4.1,44.27
166.4,4,4,car,balanced,46846.16,1464.45,3.3,4.5,68.65
1332.4,3,3,flight,balanced,18870.9,17587.46,5.3,4.7,66.23
1076.4,2,7,train,balanced,7920.03,2475.78,17.1,4.3,56.3
2133.9,3,5,taxi,comfort,7699.24,24325.99,36.1,4.8,62.24
861.7,4,3,intercity_bus,budget,67367.71,4997.68,17.7,4.1,76.75
307.4,2,4,taxi,fastest,49358.74,2336.61,5.6,4.8,46.76
368.9,2,5,taxi,budget,31856.4,2803.57,6.6,4.8,78.54
1834.8,8,7,train,fastest,72067.1,16879.98,28.7,4.3,45.31
1495.2,4,6,flight,fastest,10264.75,26315.11,5.8,4.7,87.49
269.7,2,4,train,fastest,78524.16,620.22,4.6,4.3,48.17
229.3,3,5,train,balanced,51221.88,791.2,4.0,4.3,75.71
1691.3,2,4,train,fastest,18759.82,3889.98,26.5,4.3,47.69
202.4,1,4,flight,budget,55930.18,890.77,2.1,4.7,97.66
1977.8,2,2,train,fastest,62253.59,4548.96,30.9,4.3,45.64
1703.8,6,2,train,budget,37200.71,11756.18,26.7,4.3,64.73
222.8,6,4,flight,fastest,69622.45,5881.83,2.1,4.7,95.34
231.1,2,3,train,fastest,16304.93,531.45,4.1,4.3,48.65
2368.3,2,2,train,balanced,25912.82,5447.17,36.9,4.3,64.33
917.0,1,5,train,budget,12011.93,1054.58,14.6,4.3,74.24
908.4,8,2,intercity_bus,fastest,20815.84,10537.69,18.7,4.1,39.83
1956.3,8,4,intercity_bus,fastest,22904.66,22693.49,39.6,4.1,33.59
2275.0,3,4,train,budget,73822.49,7848.68,35.5,4.3,75.23
2366.8,4,7,bike,fastest,10858.23,15147.66,43.5,3.8,33.74
1815.5,3,4,flight,comfort,37056.13,23964.68,6.7,4.7,86.14
921.7,2,2,train,balanced,44929.9,2119.99,14.7,4.3,70.95
227.9,1,4,train,budget,72401.98,262.08,4.0,4.3,80.05
1871.8,2,6,intercity_bus,balanced,79827.22,5428.33,37.9,4.1,66.62
1353.4,3,10,central_bus,comfort,61504.11,3857.24,34.3,3.5,62.22
1035.4,3,4,train,comfort,77809.32,3572.15,16.4,4.3,72.2
2178.1,2,3,train,comfort,64032.58,5009.54,34.0,4.3,69.01
293.5,6,7,taxi,budget,77240.2,6692.67,5.4,4.8,77.09
1197.5,1,3,train,comfort,58045.3,1377.15,18.9,4.3,73.46
56.9,2,4,intercity_bus,budget,10982.26,165.03,1.6,4.1,79.17
1140.7,3,4,taxi,budget,35144.01,13004.27,19.5,4.8,62.61
163.4,3,2,central_bus,fastest,53494.8,465.8,4.6,3.5,42.73
311.6,3,3,train,budget,31303.89,1075.01,5.3,4.3,79.28
308.5,2,3,central_bus,comfort,25503.79,586.22,8.2,3.5,63.64
1568.6,1,5,train,budget,48304.95,1803.92,24.6,4.3,75.41
1798.1,3,7,flight,budget,75012.64,23735.27,6.6,4.7,79.25
1412.6,2,3,intercity_bus,balanced,7623.64,4096.49,28.8,4.1,52.29
2310.3,1,6,flight,comfort,62692.34,10165.54,8.1,4.7,91.11
918.4,3,2,car,budget,59204.55,6061.73,15.8,4.5,75.91
707.1,2,4,car,fastest,77296.51,3111.41,12.3,4.5,46.36
2088.6,3,2,car,budget,74803.34,13784.63,35.3,4.5,69.72
559.9,4,7,intercity_bus,budget,62167.44,3247.55,11.7,4.1,76.97
2312.8,1,5,intercity_bus,balanced,44030.66,3353.61,46.8,4.1,67.22
58.8,1,5,intercity_bus,comfort,20320.07,85.27,1.7,4.1,72.07
2328.6,4,6,central_bus,comfort,45892.68,8848.73,58.7,3.5,59.03
132.3,3,4,taxi,fastest,62401.4,1508.09,2.7,4.8,49.8
2142.0,3,7,train,fastest,72175.19,7389.93,33.5,4.3,47.25
1280.7,4,5,car,fastest,64228.4,11269.73,21.8,4.5,44.54
2383.3,4,7,flight,budget,19645.02,41946.55,8.3,4.7,48.6
204.9,6,4,bike,budget,49976.47,1967.02,4.2,3.8,77.62
1342.6,2,2,taxi,fastest,29913.01,10204.02,22.9,4.8,44.53
2327.2,2,4,train,comfort,5690.43,5352.67,36.3,4.3,58.14
1269.7,2,2,train,comfort,20016.57,2920.41,20.0,4.3,68.76
1521.7,1,4,train,fastest,13491.55,1749.93,23.9,4.3,45.21
1678.9,2,4,train,balanced,68203.93,3861.53,26.3,4.3,70.63
1107.3,2,4,central_bus,comfort,24387.97,2103.8,28.2,3.5,61.23
1517.3,6,2,flight,comfort,26352.35,40057.05,5.8,4.7,80.68
1414.8,2,3,taxi,fastest,76995.24,10752.67,24.1,4.8,46.91
2165.7,2,4,central_bus,comfort,33431.5,4114.91,54.6,3.5,61.41
137.7,2,7,train,budget,5718.92,316.73,2.6,4.3,75.4
695.9,1,3,train,budget,26288.46,800.27,11.2,4.3,80.72
2282.5,1,4,train,comfort,13947.47,2624.85,35.6,4.3,69.2
2139.9,2,5,intercity_bus,budget,12710.64,6205.78,43.3,4.1,54.34
1109.9,1,4,intercity_bus,balanced,10811.55,1609.36,22.7,4.1,65.02
1499.7,3,3,train,comfort,49494.46,5174.01,23.6,4.3,70.63
687.4,5,4,train,fastest,19201.08,3952.51,11.1,4.3,46.84
475.8,5,3,train,budget,32093.21,2736.12,7.8,4.3,76.86
1129.0,3,7,central_bus,balanced,69651.33,3217.55,28.7,3.5,66.39
867.4,1,2,intercity_bus,balanced,36825.36,1257.79,17.8,4.1,70.42
1413.3,4,3,intercity_bus,budget,73676.85,8196.94,28.8,4.1,74.82
214.2,5,2,intercity_bus,balanced,42345.35,1553.18,4.8,4.1,68.06
2339.3,1,3,car,comfort,34912.75,5146.49,39.5,4.5,69.39
2367.3,3,5,train,balanced,61279.17,8167.25,36.9,4.3,69.31
1684.6,2,3,intercity_bus,budget,10488.13,4885.47,34.2,4.1,55.41
1300.5,4,2,flight,balanced,11710.88,22889.65,5.2,4.7,61.39
763.6,8,4,central_bus,budget,53898.03,5803.21,19.6,3.5,69.3
1958.7,1,2,car,budget,41520.55,4309.13,33.1,4.5,75.75
1652.8,5,2,intercity_bus,balanced,64281.14,11982.89,33.6,4.1,63.28
415.4,3,6,intercity_bus,budget,73720.31,1807.0,8.8,4.1,75.56
2188.9,8,5,train,budget,34127.52,20137.86,34.2,4.3,51.49
1979.4,2,7,central_bus,fastest,49730.75,3760.89,50.0,3.5,40.35
2281.0,4,6,train,comfort,42552.25,10492.72,35.6,4.3,72.18
1750.0,1,5,train,budget,78620.8,2012.45,27.4,4.3,78.18
1483.8,2,2,intercity_bus,comfort,67331.33,4303.0,30.2,4.1,67.36
1021.2,1,5,intercity_bus,fastest,73380.33,1480.79,20.9,4.1,43.26
2240.6,8,6,train,fastest,24075.51,20613.21,35.0,4.3,41.1
2082.6,4,5,central_bus,fastest,62939.48,7913.77,52.6,3.5,40.04
137.2,4,4,central_bus,fastest,24910.49,521.24,3.9,3.5,40.56
92.5,6,3,train,comfort,20655.69,638.18,1.9,4.3,72.44
922.2,1,6,intercity_bus,balanced,75819.96,1337.22,18.9,4.1,66.9
1951.0,2,5,flight,balanced,6447.83,17168.9,7.1,4.7,63.04
2369.8,1,10,intercity_bus,comfort,77404.15,3436.27,47.9,4.1,70.98
386.5,1,3,intercity_bus,budget,16194.64,560.41,8.2,4.1,78.18
1438.1,1,3,train,comfort,66457.86,1653.8,22.6,4.3,72.43
932.7,2,3,central_bus,budget,25694.19,1772.15,23.8,3.5,75.14
2328.7,2,5,car,budget,31302.67,10246.27,39.3,4.5,66.63
2025.8,1,3,central_bus,balanced,21256.83,1924.53,51.1,3.5,65.57
2016.8,1,2,train,fastest,48913.55,2319.36,31.5,4.3,47.93
1140.8,1,10,intercity_bus,balanced,31107.17,1654.16,23.3,4.1,69.08
1013.1,8,2,taxi,balanced,54304.48,30798.92,17.4,4.8,51.36
678.0,4,6,train,comfort,6173.55,3118.68,10.9,4.3,65.43
163.6,6,3,bike,comfort,9828.12,1570.66,3.5,3.8,62.72
2079.4,2,6,car,budget,12474.59,9149.32,35.2,4.5,43.21
1956.6,2,4,train,comfort,36424.53,4500.12,30.6,4.3,65.37
2399.3,4,7,car,budget,66109.71,21114.11,40.5,4.5,65.06
2392.0,2,7,intercity_bus,budget,71613.34,6936.88,48.3,4.1,73.25
1346.4,2,2,taxi,fastest,23360.81,10232.44,22.9,4.8,45.17
1852.5,1,2,intercity_bus,fastest,48077.73,2686.13,37.6,4.1,44.8
2269.1,1,3,intercity_bus,balanced,62627.37,3290.19,45.9,4.1,69.43
2043.7,2,5,central_bus,fastest,26662.21,3882.96,51.6,3.5,38.78
616.2,2,6,flight,budget,35675.58,5422.69,3.3,4.7,91.36
1097.8,3,4,train,comfort,44298.07,3787.37,17.4,4.3,73.72
336.1,1,4,central_bus,fastest,15115.61,319.3,8.9,3.5,42.79
2291.1,1,3,train,fastest,6948.67,2634.77,35.7,4.3,45.14
1466.6,4,6,train,fastest,16460.44,6746.52,23.1,4.3,43.9
571.9,1,7,train,fastest,52014.02,657.67,9.3,4.3,46.83
1621.9,2,3,intercity_bus,budget,10521.37,4703.6,32.9,4.1,57.85
1495.0,4,4,train,budget,19227.23,6876.83,23.5,4.3,60.17
878.8,1,2,train,balanced,30339.04,1010.67,14.0,4.3,69.68
299.1,1,4,train,comfort,10840.25,344.0,5.1,4.3,68.71
1621.6,2,4,train,balanced,19377.45,3729.75,25.4,4.3,63.68
1263.1,2,2,intercity_bus,balanced,73345.23,3663.07,25.8,4.1,68.8
1860.4,2,4,car,fastest,6447.43,8185.74,31.5,4.5,38.04
1262.8,4,3,train,comfort,54007.39,5808.82,19.9,4.3,70.31
2049.7,1,4,car,fastest,33830.67,4509.27,34.7,4.5,46.21
1338.0,2,4,flight,budget,55448.66,11774.57,5.3,4.7,83.95
1359.4,2,2,central_bus,balanced,49151.88,2582.9,34.5,3.5,64.53
2107.7,1,5,central_bus,comfort,21762.41,2002.29,53.2,3.5,60.46
986.3,3,5,taxi,budget,68540.71,11243.3,16.9,4.8,71.84
347.6,2,3,train,balanced,41895.53,799.52,5.8,4.3,71.7
98.2,2,2,intercity_bus,comfort,66690.2,284.82,2.5,4.1,67.62
1819.7,1,5,central_bus,balanced,35450.94,1728.69,46.0,3.5,64.31
1500.1,2,7,central_bus,comfort,78851.42,2850.25,38.0,3.5,59.18
1698.7,2,3,taxi,balanced,62786.7,12909.88,28.8,4.8,64.91
534.7,4,3,train,fastest,77446.27,2459.74,8.7,4.3,45.79
353.2,1,3,central_bus,balanced,43574.49,335.54,9.3,3.5,66.78
64.5,2,4,intercity_bus,balanced,40526.83,186.97,1.8,4.1,68.0
860.9,2,3,intercity_bus,comfort,61659.04,2496.59,17.7,4.1,68.52
1428.1,3,3,train,comfort,71021.84,4926.96,22.5,4.3,70.59
959.6,2,5,central_bus,fastest,77310.93,1823.27,24.5,3.5,44.13
1066.8,3,4,taxi,comfort,29341.39,12161.7,18.3,4.8,70.51
2172.9,4,3,intercity_bus,balanced,64902.84,12602.57,44.0,4.1,60.03
855.4,4,4,taxi,comfort,20798.42,13001.55,14.8,4.8,64.71
1248.2,2,4,intercity_bus,comfort,45918.08,3619.65,25.5,4.1,67.87
1887.3,2,2,train,comfort,18488.61,4340.69,29.5,4.3,66.93
969.8,4,2,train,fastest,31054.8,4461.11,15.4,4.3,41.85
1504.3,8,6,train,fastest,74851.88,13839.98,23.6,4.3,47.92
2073.8,5,2,intercity_bus,budget,15956.8,15035.06,42.0,4.1,33.03
2280.4,2,5,train,fastest,52430.07,5244.84,35.6,4.3,47.52
378.6,1,7,flight,fastest,49471.57,1665.68,2.6,4.7,96.15
2226.0,2,3,flight,fastest,14055.38,19588.91,7.9,4.7,88.04
1196.3,3,3,train,balanced,29448.43,4127.29,18.9,4.3,65.51
642.0,2,4,train,budget,47223.61,1476.69,10.4,4.3,79.06
1118.2,2,6,train,balanced,19038.4,2571.75,17.7,4.3,65.36
2352.7,4,7,intercity_bus,fastest,65046.77,13645.53,47.6,4.1,44.95
1197.5,2,5,train,fastest,77911.74,2754.26,18.9,4.3,45.03
809.1,4,2,train,budget,21106.95,3722.05,12.9,4.3,73.35
1531.2,2,5,car,budget,19018.4,6737.1,26.0,4.5,62.78
599.1,2,4,flight,comfort,39120.13,5272.48,3.2,4.7,93.04
209.8,2,4,train,fastest,61082.4,482.53,3.7,4.3,47.91
335.4,4,2,intercity_bus,fastest,26120.05,1945.58,7.2,4.1,45.13
333.5,1,3,intercity_bus,balanced,6490.99,483.53,7.2,4.1,69.03
390.0,1,5,flight,comfort,45591.55,1716.04,2.6,4.7,95.71
359.0,6,4,intercity_bus,fastest,76745.04,3123.48,7.7,4.1,43.03
1548.9,1,3,train,balanced,34345.76,1781.2,24.3,4.3,69.74
461.1,2,3,flight,budget,36510.09,4057.29,2.8,4.7,94.57
849.2,2,6,intercity_bus,balanced,77667.63,2462.77,17.5,4.1,70.5
2155.4,2,5,train,fastest,57095.57,4957.39,33.7,4.3,48.24
1153.3,3,3,intercity_bus,balanced,58937.89,5016.81,23.6,4.1,67.8
1612.1,1,2,intercity_bus,balanced,47202.65,2337.56,32.7,4.1,68.9
438.4,2,3,train,comfort,78095.69,1008.32,7.2,4.3,73.39
485.7,2,7,train,comfort,56664.99,1117.17,8.0,4.3,70.86
126.9,3,4,intercity_bus,budget,72127.46,551.83,3.0,4.1,76.64
430.4,1,4,train,comfort,57453.41,494.93,7.1,4.3,71.82
690.3,2,4,flight,balanced,60133.69,6074.28,3.5,4.7,92.34
449.5,1,3,train,comfort,26780.82,516.94,7.4,4.3,69.97
240.2,2,6,train,fastest,27760.9,552.52,4.2,4.3,46.46
315.9,1,4,central_bus,balanced,63723.85,300.11,8.4,3.5,70.49
1122.0,1,2,flight,balanced,27252.97,4937.0,4.7,4.7,90.96
519.0,4,2,flight,balanced,47207.76,9134.59,3.0,4.7,90.87
893.3,2,4,intercity_bus,fastest,23701.42,2590.63,18.4,4.1,41.84
1223.1,6,7,train,balanced,66273.75,8439.38,19.3,4.3,64.25
1666.2,6,3,flight,comfort,13287.6,43988.62,6.3,4.7,79.57
123.2,2,6,central_bus,fastest,67208.5,234.02,3.6,3.5,43.98
1924.6,1,5,train,balanced,50204.74,2213.29,30.1,4.3,70.43
1518.1,2,3,car,comfort,19018.22,6679.75,25.8,4.5,68.92
223.8,4,2,train,comfort,45652.65,1029.34,3.9,4.3,72.61
2100.4,2,2,bike,budget,26187.41,6721.22,38.7,3.8,65.02
2212.5,1,5,taxi,comfort,29260.05,8407.38,37.4,4.8,73.76
174.8,2,3,central_bus,comfort,31364.6,332.03,4.9,3.5,61.75
686.2,4,3,car,budget,9748.94,6038.56,11.9,4.5,51.57
1940.7,4,4,flight,budget,78947.13,34156.27,7.0,4.7,76.43
1803.4,1,5,train,fastest,7365.1,2073.88,28.2,4.3,42.24
467.3,3,2,intercity_bus,comfort,54687.27,2032.82,9.8,4.1,67.29
526.2,1,4,train,fastest,32842.07,605.08,8.6,4.3,44.88
908.0,1,4,intercity_bus,fastest,53450.77,1316.63,18.7,4.1,46.27
1178.3,5,4,flight,balanced,31718.62,25923.03,4.9,4.7,68.46
1495.3,1,6,intercity_bus,fastest,55531.3,2168.13,30.4,4.1,41.04
904.3,2,3,train,fastest,59692.66,2079.95,14.4,4.3,47.96
1126.2,1,6,central_bus,fastest,56791.45,1069.9,28.7,3.5,40.86
1801.5,5,5,taxi,fastest,13547.15,34228.62,30.5,4.8,35.66
116.9,4,4,train,budget,54266.99,537.92,2.3,4.3,82.34
628.3,3,5,intercity_bus,comfort,25999.07,2733.0,13.1,4.1,67.56
1720.6,4,4,train,balanced,7160.1,7914.94,27.0,4.3,36.03
2151.6,1,2,central_bus,budget,36112.3,2044.06,54.3,3.5,73.86
1242.7,2,5,train,balanced,37515.73,2858.15,19.6,4.3,66.54
1291.1,2,4,central_bus,balanced,40038.06,2453.11,32.8,3.5,62.83
284.0,1,4,train,budget,57861.81,326.6,4.9,4.3,81.96
1090.4,2,3,train,fastest,28163.29,2507.84,17.3,4.3,46.14
1292.3,6,7,car,budget,28646.04,17058.4,22.0,4.5,50.69
604.7,1,4,train,balanced,9541.42,695.35,9.8,4.3,65.85
668.1,2,2,intercity_bus,balanced,56511.59,1937.51,13.9,4.1,66.41
924.2,1,4,train,fastest,47586.96,1062.79,14.7,4.3,48.43
77.6,1,5,intercity_bus,budget,31206.88,112.47,2.1,4.1,79.44
793.3,5,5,intercity_bus,comfort,57889.17,5751.63,16.4,4.1,70.11
531.1,2,4,train,balanced,45301.83,1221.6,8.7,4.3,72.54
806.2,2,6,train,budget,40193.37,1854.19,12.9,4.3,77.66
313.8,4,3,intercity_bus,fastest,43349.34,1820.25,6.8,4.1,45.06
2140.5,1,4,central_bus,fastest,52726.11,2033.52,54.0,3.5,41.0
1436.8,2,6,flight,comfort,54500.2,12643.96,5.6,4.7,95.4
1639.5,2,6,intercity_bus,balanced,26671.84,4754.47,33.3,4.1,65.07
1900.3,2,5,central_bus,comfort,15555.75,3610.64,48.0,3.5,59.63
1211.3,8,6,train,comfort,16747.56,11144.03,19.1,4.3,62.16
236.0,4,2,train,comfort,52954.32,1085.6,4.1,4.3,73.7
1302.9,2,6,train,comfort,70465.5,2996.77,20.5,4.3,72.07
1420.8,4,3,train,fastest,35712.22,6535.74,22.4,4.3,48.25
1796.7,1,3,train,balanced,17714.01,2066.2,28.1,4.3,64.1
1053.0,1,3,intercity_bus,comfort,61745.19,1526.9,21.6,4.1,69.29
332.4,1,4,central_bus,balanced,67436.71,315.75,8.8,3.5,65.99
702.5,2,3,car,fastest,71043.68,3091.22,12.2,4.5,49.49
890.5,2,3,train,fastest,50512.36,2048.16,14.2,4.3,49.66
1560.8,3,2,central_bus,budget,69554.64,4448.35,39.5,3.5,74.14
1382.7,5,3,flight,budget,6156.12,30420.38,5.5,4.7,49.7
873.9,2,4,central_bus,balanced,13042.69,1660.5,22.3,3.5,65.15
2368.0,2,4,train,budget,11943.21,5446.49,36.9,4.3,57.63
1465.7,1,3,train,comfort,58445.35,1685.54,23.0,4.3,75.12
592.2,1,5,train,balanced,10218.63,681.06,9.6,4.3,69.09
271.2,2,6,train,fastest,42227.33,623.82,4.7,4.3,47.27
392.3,2,5,flight,fastest,40453.02,3452.03,2.6,4.7,97.85
612.9,4,3,train,comfort,28302.76,2819.43,9.9,4.3,69.82
410.8,1,5,train,budget,70280.39,472.44,6.8,4.3,80.11
472.2,1,3,flight,balanced,17782.49,2077.52,2.8,4.7,95.13
705.7,2,2,flight,balanced,31434.71,6209.94,3.5,4.7,90.21
440.9,1,3,intercity_bus,comfort,63062.86,639.3,9.3,4.1,66.28
2155.3,1,6,central_bus,budget,7281.67,2047.57,54.4,3.5,63.78
220.2,3,3,intercity_bus,balanced,55471.28,957.67,4.9,4.1,67.94
1273.1,1,2,train,comfort,66229.83,1464.06,20.1,4.3,72.81
1002.6,3,2,intercity_bus,balanced,74920.09,4361.49,20.6,4.1,68.59
2358.2,2,6,central_bus,fastest,70722.25,4480.65,59.5,3.5,43.43
295.5,1,4,car,balanced,28953.81,650.17,5.4,4.5,72.22
972.9,2,3,train,balanced,48977.31,2237.71,15.5,4.3,71.51
2327.6,4,4,intercity_bus,balanced,10797.01,13500.34,47.1,4.1,33.58
2081.3,2,4,train,budget,24340.25,4786.88,32.5,4.3,71.69
1966.5,4,5,intercity_bus,budget,12066.68,11405.47,39.8,4.1,34.75
641.2,1,3,train,comfort,28639.05,737.41,10.4,4.3,70.42
435.0,4,6,train,budget,70639.04,2001.02,7.2,4.3,81.6
1614.7,1,3,flight,balanced,31037.51,7104.61,6.1,4.7,88.26
2232.6,3,5,central_bus,balanced,47142.36,6362.97,56.3,3.5,60.93
1349.5,2,2,intercity_bus,budget,37503.56,3913.63,27.5,4.1,74.28
1384.7,6,3,train,budget,39418.74,9554.58,21.8,4.3,69.27
693.6,2,3,train,balanced,77717.9,1595.17,11.2,4.3,72.12
1853.7,1,4,intercity_bus,balanced,27211.59,2687.86,37.6,4.1,64.69
473.3,1,2,taxi,fastest,52049.34,1798.52,8.4,4.8,48.19
797.1,4,5,bike,comfort,36504.7,5101.57,15.0,3.8,63.5
1038.3,2,3,intercity_bus,budget,9585.96,3011.02,21.3,4.1,61.12
1233.0,4,5,intercity_bus,comfort,41699.81,7151.61,25.2,4.1,65.01
604.5,1,6,taxi,balanced,66000.75,2297.14,10.6,4.8,70.2
302.2,2,4,intercity_bus,comfort,12406.47,876.27,6.5,4.1,68.69
1477.2,1,5,central_bus,budget,10219.39,1403.31,37.4,3.5,72.15
714.1,6,5,train,budget,16522.36,4926.98,11.5,4.3,63.2
1407.5,3,3,flight,comfort,62330.01,18579.46,5.5,4.7,91.86
395.8,6,6,intercity_bus,budget,59299.65,3443.8,8.4,4.1,74.39
1170.3,2,3,flight,fastest,47376.33,10298.66,4.8,4.7,96.17
1292.2,3,4,flight,balanced,40116.98,17057.53,5.2,4.7,81.28
152.8,3,5,train,balanced,71624.44,527.24,2.9,4.3,69.64
827.8,2,3,flight,budget,62502.34,7284.22,3.9,4.7,92.77
348.6,4,3,flight,balanced,65895.67,6134.71,2.5,4.7,92.96
180.2,6,4,train,fastest,65994.67,1243.37,3.3,4.3,47.08
2376.2,5,6,train,budget,53203.79,13663.18,37.1,4.3,64.14
794.0,3,7,train,fastest,39351.1,2739.23,12.7,4.3,48.47
1949.4,2,4,intercity_bus,fastest,69850.83,5653.27,39.5,4.1,45.19
633.5,2,5,intercity_bus,balanced,74450.56,1837.15,13.2,4.1,68.73
1645.2,6,7,central_bus,balanced,6785.45,9377.42,41.6,3.5,29.64
1831.7,1,2,train,comfort,8866.62,2106.5,28.7,4.3,70.09
1441.7,3,3,taxi,fastest,76905.75,16434.97,24.5,4.8,44.75
1147.6,3,5,train,balanced,25787.05,3959.34,18.2,4.3,65.42
1006.1,3,6,train,fastest,70502.71,3470.92,16.0,4.3,50.72
856.8,8,6,intercity_bus,comfort,34159.63,9939.09,17.6,4.1,63.55
2233.0,2,4,intercity_bus,fastest,13932.5,6475.65,45.2,4.1,41.24
1998.6,2,2,train,budget,11033.24,4596.71,31.2,4.3,60.33
2317.1,1,4,train,comfort,16738.09,2664.68,36.1,4.3,70.04
324.6,2,3,train,comfort,23741.99,746.54,5.5,4.3,71.79
1762.2,2,3,flight,fastest,41638.88,15506.97,6.5,4.7,94.24
2253.9,2,5,flight,fastest,57612.34,19834.03,7.9,4.7,94.37
459.5,4,2,intercity_bus,balanced,78979.89,2665.23,9.7,4.1,68.33
187.6,6,6,flight,budget,38113.01,4952.54,2.0,4.7,93.17
1786.5,1,4,flight,comfort,43863.87,7860.41,6.6,4.7,91.14
1391.5,2,4,train,comfort,44136.18,3200.45,21.9,4.3,72.29
2025.1,6,2,bike,comfort,45457.58,19441.29,37.3,3.8,61.45
361.3,1,3,taxi,balanced,43830.55,1372.79,6.5,4.8,72.49
1914.8,1,2,train,budget,5658.11,2202.0,30.0,4.3,62.53
507.9,1,7,train,comfort,5129.36,584.04,8.3,4.3,70.0
417.9,2,6,train,comfort,12324.97,961.09,6.9,4.3,67.87
419.3,1,4,train,balanced,12616.75,482.21,7.0,4.3,70.03
1960.5,6,3,flight,fastest,57867.27,51758.31,7.1,4.7,86.97
1606.5,2,7,intercity_bus,comfort,20368.7,4658.9,32.6,4.1,64.44
1269.7,2,3,flight,budget,72103.56,11173.05,5.1,4.7,87.79
880.4,1,3,flight,budget,74645.47,3873.88,4.0,4.7,94.09
2109.0,2,4,central_bus,budget,78192.0,4007.03,53.2,3.5,73.83
960.1,3,7,central_bus,budget,75431.1,2736.27,24.5,3.5,71.91
1965.3,4,2,train,balanced,25391.62,9040.57,30.7,4.3,60.06
1070.7,4,3,train,comfort,43233.26,4925.45,17.0,4.3,73.46
923.4,2,7,central_bus,balanced,18159.12,1754.38,23.6,3.5,64.46
1126.6,5,3,train,budget,65465.72,6477.67,17.8,4.3,75.06
744.3,4,2,train,budget,71632.38,3423.62,12.0,4.3,77.84
1801.8,4,4,taxi,budget,68846.66,27387.88,30.5,4.8,60.51
1221.4,1,6,central_bus,balanced,37502.52,1160.37,31.0,3.5,65.98
580.3,1,4,train,budget,61900.54,667.4,9.4,4.3,79.72
2162.0,1,10,central_bus,comfort,12318.44,2053.89,54.5,3.5,59.09
939.8,3,5,flight,budget,8018.36,12405.65,4.2,4.7,49.92
1318.2,2,2,train,comfort,61492.73,3031.91,20.8,4.3,68.87
2178.3,2,10,train,comfort,36901.65,5010.18,34.0,4.3,70.88
1509.4,5,4,car,budget,79666.19,16603.88,25.7,4.5,69.86
307.0,5,3,train,balanced,12294.07,1765.53,5.2,4.3,69.3
2257.4,5,4,train,fastest,69172.08,12980.06,35.2,4.3,46.38
1517.7,2,3,intercity_bus,fastest,40998.73,4401.24,30.9,4.1,43.16
823.7,3,2,flight,comfort,67036.26,10873.19,3.9,4.7,93.0
360.1,2,2,train,balanced,66284.55,828.17,6.0,4.3,71.09
1911.8,1,4,train,fastest,73699.4,2198.62,29.9,4.3,45.73
1499.6,1,6,train,budget,27338.75,1724.51,23.6,4.3,76.01
1294.3,2,4,bike,budget,76234.95,4141.77,24.0,3.8,73.35
2148.5,2,10,train,comfort,16375.02,4941.61,33.6,4.3,65.93
1899.0,4,3,central_bus,balanced,11147.66,7216.11,48.0,3.5,44.42
389.5,1,3,car,balanced,37371.16,856.83,7.0,4.5,71.29
768.8,3,3,train,fastest,67124.22,2652.3,12.3,4.3,44.38
618.9,2,3,bike,fastest,40506.58,1980.54,11.8,3.8,44.33
1793.2,2,3,car,budget,67196.5,7889.87,30.4,4.5,75.4
109.5,2,5,taxi,comfort,59726.51,831.99,2.3,4.8,75.53
1380.6,2,7,train,balanced,20707.13,3175.47,21.7,4.3,65.15
1837.0,2,10,central_bus,fastest,76166.12,3490.35,46.4,3.5,40.78
2107.9,2,3,flight,fastest,9558.59,18549.82,7.5,4.7,86.59
840.7,1,6,bike,comfort,72370.98,1345.17,15.8,3.8,65.39
1976.4,1,3,train,comfort,27833.26,2272.84,30.9,4.3,70.88
292.2,2,2,flight,budget,42511.11,2571.34,2.3,4.7,97.84
2036.1,5,6,train,comfort,36676.39,11707.53,31.8,4.3,65.94
332.1,2,4,train,budget,17887.59,763.94,5.6,4.3,77.7
971.6,3,3,intercity_bus,budget,31861.01,4226.33,19.9,4.1,72.35
1919.6,3,4,flight,comfort,19470.08,25338.59,7.0,4.7,79.77
385.3,6,3,intercity_bus,comfort,20291.49,3352.15,8.2,4.1,68.14
573.3,4,5,intercity_bus,comfort,19029.26,3325.29,12.0,4.1,62.79
1741.7,2,4,bike,comfort,41676.3,5573.56,32.2,3.8,63.83
1736.5,3,10,intercity_bus,comfort,64844.85,7553.72,35.2,4.1,68.45
1549.5,5,2,central_bus,budget,47672.75,7360.22,39.2,3.5,69.13
1674.7,2,3,intercity_bus,fastest,71990.49,4856.51,34.0,4.1,42.87
1316.3,2,4,intercity_bus,balanced,52740.84,3817.15,26.8,4.1,67.71
626.8,1,4,central_bus,balanced,56700.51,595.43,16.2,3.5,67.92
849.3,4,3,car,budget,55070.54,7473.84,14.7,4.5,73.96
460.4,4,5,intercity_bus,budget,38709.44,2670.24,9.7,4.1,74.41
2183.0,1,6,flight,fastest,56700.41,9605.32,7.7,4.7,96.39
1412.6,2,7,train,comfort,10228.08,3249.07,22.2,4.3,66.48
980.0,2,6,train,budget,69488.86,2254.04,15.6,4.3,79.81
1125.0,1,6,intercity_bus,balanced,63335.91,1631.18,23.0,4.1,70.91
2275.1,8,4,train,comfort,23392.25,20930.57,35.5,4.3,54.51
393.4,1,6,train,budget,62602.43,452.46,6.6,4.3,80.12
1419.4,1,3,intercity_bus,comfort,5948.2,2058.08,28.9,4.1,61.18
1229.0,2,3,train,balanced,21293.49,2826.6,19.4,4.3,70.49
1479.1,3,3,train,comfort,9885.29,5103.06,23.3,4.3,63.4
72.9,1,4,intercity_bus,budget,63517.02,105.74,2.0,4.1,80.09
2096.9,3,3,central_bus,budget,61690.56,5976.26,52.9,3.5,72.39
2239.1,2,7,car,balanced,66022.7,9852.13,37.8,4.5,65.22
1369.4,1,3,central_bus,fastest,5336.13,1300.9,34.7,3.5,38.04
1681.1,1,2,intercity_bus,fastest,42592.45,2437.54,34.1,4.1,46.58
2216.3,2,4,car,comfort,57862.71,9751.82,37.4,4.5,72.19
1706.2,2,2,flight,budget,16655.08,15014.17,6.4,4.7,55.24
391.5,6,2,train,budget,53734.3,2701.47,6.5,4.3,77.88
1395.8,4,3,train,balanced,11308.26,6420.7,22.0,4.3,52.03
1467.9,8,4,central_bus,balanced,18599.44,11156.15,37.2,3.5,45.54
1035.2,2,4,central_bus,budget,40684.76,1966.86,26.4,3.5,74.44
1775.4,6,5,flight,balanced,54017.39,46869.84,6.6,4.7,65.17
2244.4,2,5,flight,fastest,15940.18,19751.16,7.9,4.7,87.53
2223.6,2,4,central_bus,fastest,18891.75,4224.84,56.1,3.5,38.44
1098.5,1,3,bike,comfort,20333.48,1757.58,20.5,3.8,65.99
298.4,1,3,intercity_bus,balanced,22902.56,432.64,6.5,4.1,69.18
2364.1,3,5,train,comfort,21991.54,8156.05,36.9,4.3,66.71
2018.2,2,2,taxi,balanced,34636.18,15338.23,34.1,4.8,59.56
325.5,1,2,train,balanced,54034.22,374.27,5.5,4.3,71.17
2212.4,3,5,flight,fastest,37852.38,29203.62,7.8,4.7,90.82
2091.7,2,4,car,budget,63198.04,9203.28,35.4,4.5,76.22
1259.6,2,2,central_bus,balanced,58945.14,2393.33,32.0,3.5,67.47
1431.3,2,3,central_bus,balanced,14489.52,2719.51,36.3,3.5,62.09
975.6,4,7,intercity_bus,balanced,8663.12,5658.69,20.0,4.1,46.27
159.8,4,6,intercity_bus,budget,70845.62,926.75,3.7,4.1,78.75
824.4,2,5,intercity_bus,comfort,10987.33,2390.81,17.0,4.1,63.73
1932.8,2,4,central_bus,comfort,16125.44,3672.25,48.8,3.5,60.19
41.0,2,4,flight,balanced,6660.0,360.61,1.6,4.7,95.62
820.4,4,10,central_bus,balanced,52125.23,3117.49,21.0,3.5,64.87
973.7,2,7,train,comfort,48677.79,2239.42,15.5,4.3,72.69
1303.6,1,3,intercity_bus,comfort,79017.77,1890.26,26.6,4.1,66.8
2210.1,1,6,flight,fastest,71519.93,9724.25,7.8,4.7,98.49
850.8,2,3,intercity_bus,balanced,35813.24,2467.44,17.5,4.1,68.53
852.3,2,3,intercity_bus,comfort,32868.94,2471.61,17.5,4.1,67.74
1777.9,4,5,flight,fastest,27263.9,31290.65,6.6,4.7,87.18
1101.8,1,4,central_bus,budget,16430.52,1046.67,28.0,3.5,74.82
562.3,2,7,intercity_bus,balanced,15356.27,1630.71,11.7,4.1,68.15
1102.3,4,2,taxi,comfort,14921.28,16754.68,18.9,4.8,61.14
363.8,4,4,train,balanced,13558.61,1673.62,6.1,4.3,67.37
448.0,2,7,bike,fastest,23038.4,1433.72,8.6,3.8,44.43
1211.1,2,7,train,comfort,28000.15,2785.6,19.1,4.3,73.02
1022.9,2,3,train,budget,77118.42,2352.56,16.2,4.3,78.24
2198.2,6,3,taxi,budget,48385.49,50118.61,37.1,4.8,30.98
888.9,1,4,train,fastest,79069.68,1022.2,14.2,4.3,49.81
1406.0,6,3,flight,budget,32935.02,37118.25,5.5,4.7,47.62
1528.5,3,7,flight,budget,39322.0,20175.76,5.9,4.7,73.45
61.0,2,7,taxi,budget,29343.4,463.86,1.5,4.8,78.87
1602.6,1,3,bike,budget,18716.57,2564.13,29.6,3.8,71.59
451.9,2,2,train,budget,15737.35,1039.47,7.5,4.3,79.24
2307.7,2,2,flight,budget,75880.94,20308.08,8.1,4.7,83.0
382.3,1,7,train,budget,79010.8,439.68,6.4,4.3,79.81
1012.7,3,3,intercity_bus,comfort,8368.21,4405.07,20.8,4.1,61.46
232.3,8,4,taxi,budget,16275.94,7061.27,4.4,4.8,57.85
2392.6,2,4,intercity_bus,comfort,36764.31,6938.52,48.4,4.1,65.52
1220.2,3,4,central_bus,balanced,18975.01,3477.58,31.0,3.5,60.68
1441.1,1,2,intercity_bus,fastest,32291.03,2089.54,29.3,4.1,44.19
189.0,2,3,central_bus,budget,14682.23,359.05,5.2,3.5,77.98
1807.4,1,7,bike,fastest,39238.38,2891.85,33.4,3.8,46.6
527.5,3,7,train,budget,25377.1,1819.79,8.6,4.3,75.44
2158.4,6,5,central_bus,comfort,31392.88,12302.82,54.5,3.5,57.15
516.2,3,2,taxi,budget,12073.45,5884.46,9.1,4.8,57.67
481.9,1,3,intercity_bus,balanced,37109.6,698.8,10.1,4.1,71.2
116.6,2,4,train,fastest,78744.32,268.23,2.3,4.3,48.79
1148.8,2,3,central_bus,fastest,29662.48,2182.72,29.2,3.5,41.56
1368.7,2,7,train,balanced,70732.2,3147.95,21.6,4.3,70.91
185.7,4,4,train,comfort,68239.94,854.36,3.4,4.3,72.67
1868.0,4,2,taxi,comfort,76404.38,28393.61,31.6,4.8,69.02
1104.3,3,7,intercity_bus,balanced,64258.21,4803.68,22.6,4.1,67.26
1272.8,2,7,car,fastest,54469.76,5600.34,21.7,4.5,48.45
1074.6,2,2,flight,budget,69243.83,9456.55,4.6,4.7,90.26
979.8,1,4,central_bus,comfort,10673.35,930.82,25.0,3.5,61.74
1356.3,2,3,train,budget,39712.3,3119.6,21.4,4.3,76.02
397.9,2,3,intercity_bus,fastest,79194.22,1153.97,8.5,4.1,41.15
461.2,3,3,train,budget,62720.01,1591.04,7.6,4.3,79.08
2072.4,3,4,car,balanced,77155.65,13678.05,35.0,4.5,65.89
2272.3,1,7,train,comfort,63472.58,2613.14,35.5,4.3,70.46
914.7,2,4,train,comfort,70616.15,2103.91,14.6,4.3,69.66
671.7,1,2,intercity_bus,balanced,57989.72,973.91,13.9,4.1,67.68
1556.3,1,4,train,balanced,62037.65,1789.72,24.4,4.3,71.61
998.7,4,3,train,comfort,44238.35,4594.02,15.9,4.3,73.24
90.2,1,6,central_bus,comfort,74317.83,85.66,2.8,3.5,64.91
400.1,2,4,train,comfort,66877.92,920.19,6.7,4.3,69.62
1726.9,1,3,train,fastest,68291.37,1985.88,27.1,4.3,48.73
1591.6,5,3,intercity_bus,fastest,55475.68,11539.46,32.3,4.1,41.7
94.2,2,5,flight,fastest,27843.5,829.11,1.8,4.7,96.23
556.1,1,3,central_bus,budget,7672.23,528.27,14.4,3.5,73.15
577.6,2,5,intercity_bus,fastest,75174.13,1675.18,12.1,4.1,45.61
1622.4,3,3,central_bus,comfort,48959.03,4623.8,41.1,3.5,62.88
76.7,6,3,intercity_bus,fastest,27360.72,667.41,2.0,4.1,44.38
276.7,1,4,car,comfort,16185.13,608.82,5.1,4.5,72.6
1925.8,5,7,train,balanced,67214.24,11073.36,30.1,4.3,66.4
453.2,6,7,central_bus,budget,67739.01,2582.96,11.8,3.5,76.23
1577.0,5,3,taxi,budget,66088.1,29963.16,26.8,4.8,60.12
594.5,3,3,flight,balanced,53381.2,7847.31,3.2,4.7,90.03
265.7,3,2,train,comfort,32451.15,916.58,4.6,4.3,71.45
606.3,2,4,train,budget,27805.27,1394.53,9.8,4.3,76.2
1741.8,4,4,flight,fastest,5641.61,30655.2,6.5,4.7,87.32
2058.0,2,7,train,comfort,67520.57,4733.4,32.2,4.3,70.45
1997.6,3,7,flight,budget,11557.45,26368.6,7.2,4.7,47.33
971.3,2,3,flight,balanced,52306.62,8547.66,4.3,4.7,90.18
1613.4,3,4,flight,comfort,42805.62,21296.38,6.1,4.7,86.11
515.8,4,6,train,budget,44501.7,2372.74,8.4,4.3,74.51
724.8,1,6,flight,balanced,74503.46,3188.94,3.6,4.7,95.41
2154.3,4,2,central_bus,comfort,7371.13,8186.4,54.4,3.5,47.21
60.8,2,3,taxi,fastest,63004.42,462.19,1.5,4.8,46.8
232.7,4,4,train,comfort,8903.93,1070.21,4.1,4.3,72.02
522.7,2,3,train,fastest,7861.52,1202.19,8.5,4.3,44.92
92.9,2,3,intercity_bus,comfort,37236.33,269.36,2.4,4.1,70.99
460.0,5,2,train,balanced,9730.64,2645.01,7.6,4.3,64.39
1411.8,2,4,central_bus,fastest,64185.8,2682.44,35.8,3.5,38.51
1028.8,4,3,car,fastest,44717.23,9053.23,17.6,4.5,45.4
2145.6,2,2,intercity_bus,comfort,7177.91,6222.33,43.4,4.1,55.37
1967.3,2,3,taxi,budget,8037.55,14951.79,33.3,4.8,26.66
840.1,2,6,train,fastest,50950.14,1932.25,13.4,4.3,45.2
644.8,2,6,train,comfort,65458.39,1483.12,10.4,4.3,72.67
929.9,2,4,train,balanced,37834.96,2138.7,14.8,4.3,72.52
1429.0,1,4,train,comfort,46593.55,1643.35,22.5,4.3,72.67
665.3,2,10,car,comfort,64987.21,2927.37,11.6,4.5,73.1
1509.2,1,3,train,fastest,50787.96,1735.62,23.7,4.3,47.37
1000.3,8,3,central_bus,budget,21857.02,7602.32,25.5,3.5,62.42
1338.4,6,3,intercity_bus,balanced,50978.9,11643.66,27.3,4.1,64.81
1063.6,2,3,car,fastest,52120.96,4679.93,18.2,4.5,45.51
727.9,3,3,train,fastest,60058.02,2511.2,11.7,4.3,44.32
2277.8,2,7,train,fastest,51565.56,5239.02,35.5,4.3,43.58
1839.7,3,4,train,balanced,77693.16,6347.12,28.8,4.3,70.59
362.1,4,4,intercity_bus,budget,19796.62,2100.0,7.7,4.1,73.68
2088.3,6,7,train,balanced,76331.8,14409.06,32.6,4.3,65.14
1185.2,2,2,taxi,balanced,45375.46,9007.61,20.3,4.8,62.91
2150.1,4,3,central_bus,budget,55396.71,8170.34,54.3,3.5,68.78
1925.7,2,4,central_bus,balanced,12459.62,3658.75,48.6,3.5,56.21
1037.8,8,4,intercity_bus,comfort,33543.2,12037.97,21.3,4.1,63.9
83.3,1,2,train,balanced,62703.44,95.74,1.8,4.3,70.82
666.8,3,4,intercity_bus,fastest,58018.33,2900.43,13.8,4.1,42.72
1313.7,3,4,bike,balanced,8010.45,6305.63,24.4,3.8,40.39
1531.3,3,5,taxi,fastest,45994.57,17457.31,26.0,4.8,45.9
641.2,1,4,taxi,balanced,11620.86,2436.54,11.2,4.8,65.57
360.3,6,3,taxi,fastest,79689.23,8214.24,6.5,4.8,47.77
2008.8,1,2,train,fastest,72297.24,2310.1,31.4,4.3,46.08
2363.0,3,4,train,fastest,6581.05,8152.46,36.9,4.3,33.31
1275.9,1,2,train,budget,69398.72,1467.27,20.1,4.3,78.47
436.9,2,7,train,balanced,73957.22,1004.82,7.2,4.3,69.7
675.4,2,4,train,balanced,31516.12,1553.35,10.9,4.3,70.27
73.6,2,3,intercity_bus,comfort,58962.62,213.4,2.0,4.1,73.85
2196.9,1,5,central_bus,comfort,38157.78,2087.04,55.4,3.5,63.08
309.1,1,4,taxi,comfort,54142.44,1174.47,5.7,4.8,79.76
1396.3,2,3,flight,balanced,30523.81,12287.83,5.5,4.7,83.86
679.5,4,6,car,budget,29191.94,5979.7,11.8,4.5,69.24
1343.4,5,6,train,fastest,36832.54,7724.56,21.2,4.3,46.17
1573.9,1,5,train,balanced,15917.58,1809.95,24.7,4.3,70.16
1996.5,2,2,central_bus,budget,67335.42,3793.33,50.4,3.5,77.21
519.2,1,4,train,budget,31152.34,597.1,8.5,4.3,78.49
56.1,1,5,train,balanced,35011.22,64.47,1.4,4.3,71.79
354.4,3,2,train,fastest,72054.1,1222.75,6.0,4.3,45.43
2163.0,3,3,train,budget,42246.79,7462.5,33.8,4.3,72.72
2101.1,1,6,intercity_bus,balanced,45819.04,3046.62,42.5,4.1,69.59
1445.9,1,2,intercity_bus,fastest,76737.36,2096.51,29.4,4.1,44.56
1453.2,1,5,intercity_bus,comfort,71504.48,2107.18,29.6,4.1,67.53
1606.1,4,4,central_bus,budget,17710.0,6103.32,40.7,3.5,60.6
445.6,8,4,intercity_bus,budget,40491.13,5169.31,9.4,4.1,73.3
2197.2,1,2,train,balanced,77847.22,2526.73,34.3,4.3,70.46
1022.5,1,6,train,balanced,32927.47,1175.86,16.2,4.3,70.49
938.0,4,3,train,fastest,32867.98,4314.98,14.9,4.3,46.17
1259.8,6,4,flight,comfort,19627.27,33259.64,5.1,4.7,82.29
141.3,2,5,flight,comfort,13574.23,1243.52,1.9,4.7,95.53
424.1,1,5,central_bus,balanced,60522.86,402.89,11.1,3.5,65.22
1779.1,1,7,train,balanced,62752.29,2046.01,27.9,4.3,68.81
226.2,2,4,central_bus,fastest,77675.97,429.84,6.2,3.5,41.42
1459.5,2,3,central_bus,balanced,63006.37,2772.99,37.0,3.5,66.49
611.5,1,7,intercity_bus,fastest,23251.44,886.64,12.7,4.1,44.61
952.6,2,4,intercity_bus,fastest,8008.74,2762.63,19.6,4.1,40.36
714.2,1,3,intercity_bus,comfort,78907.8,1035.6,14.8,4.1,69.17
872.9,4,2,central_bus,fastest,30533.8,3317.19,22.3,3.5,40.27
1734.1,2,6,flight,comfort,28397.87,15260.42,6.5,4.7,89.06
734.2,1,3,train,comfort,72946.64,844.31,11.8,4.3,72.17
1372.4,2,5,flight,comfort,48882.49,12076.94,5.4,4.7,91.62
1158.2,2,4,train,balanced,21115.34,2663.95,18.3,4.3,67.4
1602.9,8,3,train,comfort,71682.22,14746.69,25.2,4.3,70.73
2250.3,2,4,bike,fastest,79502.06,7200.92,41.4,3.8,43.27
1766.2,2,2,car,balanced,11500.89,7771.26,29.9,4.5,48.6
539.4,3,4,train,fastest,69668.87,1860.96,8.8,4.3,47.37
103.9,2,4,intercity_bus,balanced,34288.68,301.32,2.6,4.1,69.92
651.6,5,4,train,fastest,44305.43,3746.5,10.5,4.3,45.92
1440.3,2,5,intercity_bus,budget,73611.2,4176.97,29.3,4.1,76.39
151.9,2,6,taxi,budget,78003.44,1154.28,3.0,4.8,81.95
1206.4,1,5,car,budget,24662.29,2654.05,20.6,4.5,73.64
1444.5,2,2,central_bus,fastest,20963.81,2744.58,36.6,3.5,38.55
822.2,4,3,intercity_bus,balanced,11038.74,4768.52,16.9,4.1,52.53
1857.1,4,4,central_bus,comfort,47134.84,7056.84,46.9,3.5,58.86
282.6,1,7,train,comfort,6020.33,325.03,4.8,4.3,71.93
208.1,1,6,car,fastest,35892.37,457.77,4.0,4.5,45.05
1755.8,4,6,taxi,fastest,10503.8,26688.27,29.8,4.8,37.44
1204.3,6,3,central_bus,fastest,35391.93,6864.59,30.6,3.5,40.85
1661.5,1,4,train,fastest,7994.91,1910.74,26.1,4.3,45.98
1060.5,2,4,train,comfort,67641.29,2439.24,16.8,4.3,70.72
614.0,2,3,train,balanced,20730.42,1412.14,9.9,4.3,69.37
1971.3,5,2,flight,comfort,29623.15,43367.99,7.1,4.7,80.96
1924.6,1,7,intercity_bus,fastest,70253.6,2790.69,39.0,4.1,44.04
1676.4,1,3,train,budget,60969.95,1927.9,26.3,4.3,78.42
675.0,4,3,intercity_bus,comfort,21427.88,3914.91,14.0,4.1,69.58
1428.8,1,2,flight,budget,10392.46,6286.93,5.6,4.7,68.37
885.5,2,7,train,budget,58675.53,2036.67,14.1,4.3,82.3
247.0,2,4,taxi,fastest,34302.69,1877.58,4.6,4.8,46.59
2204.0,2,5,taxi,comfort,62456.0,16750.65,37.2,4.8,71.84
354.3,2,7,car,balanced,38397.11,1558.74,6.4,4.5,68.22
2282.1,2,3,intercity_bus,comfort,30950.18,6617.98,46.1,4.1,64.55
1087.0,1,4,train,balanced,38840.41,1250.09,17.2,4.3,73.2
468.8,2,2,intercity_bus,balanced,61141.92,1359.42,9.9,4.1,68.02
1314.3,4,3,train,fastest,72666.52,6045.8,20.7,4.3,49.79
2098.9,4,6,train,balanced,8732.54,9654.86,32.8,4.3,34.61
1765.4,1,5,central_bus,comfort,44308.37,1677.1,44.6,3.5,60.71
1941.5,1,3,intercity_bus,comfort,7462.66,2815.25,39.3,4.1,62.8
1591.3,2,3,taxi,budget,40130.72,12094.01,27.0,4.8,65.87
1670.7,2,4,train,balanced,71396.21,3842.6,26.2,4.3,70.97
2042.6,2,2,central_bus,fastest,32119.27,3880.93,51.6,3.5,41.33
621.7,3,3,flight,fastest,74933.78,8206.61,3.3,4.7,95.68
1189.9,1,3,flight,comfort,52295.64,5235.72,4.9,4.7,94.1
554.3,1,3,taxi,balanced,75061.65,2106.21,9.7,4.8,71.08
2370.8,2,6,flight,fastest,61787.5,20862.8,8.3,4.7,92.65
2267.4,3,3,car,balanced,12757.64,14964.98,38.3,4.5,35.31
123.4,1,3,train,balanced,22336.35,141.96,2.4,4.3,72.79
1702.2,3,4,intercity_bus,budget,34562.78,7404.63,34.5,4.1,65.6
2222.8,2,6,train,fastest,17758.02,5112.53,34.7,4.3,47.29
458.0,5,3,train,budget,42118.37,2633.29,7.5,4.3,76.67
1376.0,5,2,train,fastest,40352.61,7912.17,21.7,4.3,44.62
2199.7,2,3,train,balanced,76719.44,5059.33,34.3,4.3,70.27
110.5,1,5,train,fastest,37529.59,127.02,2.2,4.3,49.94
1682.9,2,4,train,comfort,63922.01,3870.64,26.4,4.3,72.61
734.7,1,6,train,balanced,75643.29,844.92,11.8,4.3,71.83
2220.8,3,7,car,fastest,70774.16,14657.41,37.5,4.5,46.85
2331.4,4,5,train,budget,20650.07,10724.48,36.4,4.3,51.77
2267.9,3,4,flight,budget,42202.24,29936.43,8.0,4.7,61.15
1153.9,4,4,train,balanced,31080.48,5307.88,18.3,4.3,64.13
2073.0,2,2,car,budget,34989.4,9121.38,35.1,4.5,69.23
2031.6,1,10,taxi,balanced,32060.51,7720.01,34.4,4.8,63.54
786.3,3,3,central_bus,balanced,66976.94,2240.86,20.2,3.5,67.03
1994.5,2,3,central_bus,balanced,38910.43,3789.61,50.4,3.5,64.32
117.7,3,5,train,fastest,44277.07,406.09,2.3,4.3,46.36
1443.2,2,3,bike,balanced,78683.55,4618.11,26.7,3.8,66.18
575.1,1,4,taxi,budget,9498.45,2185.46,10.1,4.8,71.47
315.7,8,4,taxi,comfort,41596.82,9598.6,5.8,4.8,71.36
212.4,1,4,central_bus,fastest,63054.63,201.76,5.8,3.5,42.01
1680.2,8,6,train,budget,16337.15,15457.88,26.3,4.3,31.83
835.5,8,3,taxi,balanced,50864.87,25399.31,14.4,4.8,54.6
1747.7,4,4,train,balanced,22959.86,8039.41,27.4,4.3,59.15
184.9,3,4,central_bus,comfort,70055.31,526.95,5.1,3.5,61.57
777.2,2,5,train,budget,29532.47,1787.65,12.5,4.3,75.85
1308.6,4,5,car,fastest,29679.71,11515.63,22.3,4.5,43.84
1904.0,2,3,train,budget,49864.54,4379.23,29.8,4.3,74.66
785.4,2,4,train,balanced,18767.22,1806.52,12.6,4.3,66.89
1513.4,3,3,central_bus,fastest,26366.65,4313.08,38.3,3.5,38.81
2129.8,2,7,flight,balanced,36247.39,18741.95,7.6,4.7,78.89
1489.6,2,3,central_bus,balanced,31522.84,2830.23,37.7,3.5,65.2
582.1,2,5,train,budget,44365.79,1338.86,9.5,4.3,81.07
87.8,2,2,train,comfort,49973.01,202.01,1.9,4.3,70.69
2092.1,4,3,flight,balanced,47500.06,36821.56,7.5,4.7,73.19
80.4,1,4,bike,budget,54062.62,128.65,2.0,3.8,77.12
2103.0,6,6,flight,fastest,28081.21,55520.33,7.5,4.7,89.03
1283.6,3,4,intercity_bus,comfort,14481.97,5583.58,26.2,4.1,62.11
2255.6,4,7,car,balanced,62060.57,19849.2,38.1,4.5,59.14
1923.1,2,4,intercity_bus,balanced,68808.53,5577.04,39.0,4.1,65.63
2395.1,4,4,intercity_bus,fastest,24275.47,13891.6,48.4,4.1,38.97
861.2,1,2,intercity_bus,budget,35531.9,1248.72,17.7,4.1,78.17
1848.2,4,6,intercity_bus,balanced,42392.69,10719.77,37.5,4.1,61.74
982.6,1,3,flight,fastest,44999.51,4323.34,4.3,4.7,95.02
1167.3,5,6,intercity_bus,balanced,54461.76,8462.96,23.8,4.1,62.66
1517.2,8,7,train,budget,8120.24,13958.13,23.8,4.3,28.94
2100.6,2,7,train,comfort,59110.78,4831.41,32.8,4.3,70.45
2362.3,1,4,train,budget,9647.83,2716.62,36.8,4.3,65.92
1850.8,4,5,central_bus,budget,40121.64,7033.07,46.8,3.5,67.1
1020.1,2,5,train,budget,67075.34,2346.25,16.2,4.3,78.97
1028.6,4,2,train,fastest,38841.15,4731.63,16.3,4.3,49.92
1778.1,1,4,central_bus,balanced,16181.73,1689.17,45.0,3.5,62.52
595.9,1,2,central_bus,comfort,78877.54,566.11,15.4,3.5,62.1
291.8,8,4,flight,fastest,71696.41,10272.19,2.3,4.7,96.81
870.5,3,3,intercity_bus,budget,62848.52,3786.48,17.9,4.1,75.21
710.8,4,3,taxi,comfort,35863.37,10803.5,12.3,4.8,72.47
732.3,2,3,car,budget,18788.43,3221.9,12.7,4.5,70.78
583.7,3,4,flight,budget,75605.84,7704.18,3.2,4.7,95.05
129.8,2,4,central_bus,budget,44926.33,246.55,3.7,3.5,77.53
72.4,3,2,train,comfort,68926.66,249.65,1.6,4.3,70.86
2370.9,3,4,bike,balanced,30657.13,11380.33,43.6,3.8,55.24
1043.8,2,3,train,budget,30146.62,2400.79,16.6,4.3,75.56
940.9,2,4,train,balanced,78915.54,2163.96,15.0,4.3,72.57
1640.8,2,4,intercity_bus,comfort,44137.48,4758.22,33.3,4.1,65.45
547.3,4,4,train,comfort,15552.16,2517.4,8.9,4.3,68.41
2281.4,1,5,bike,budget,21475.6,3650.25,42.0,3.8,69.4
1893.6,3,3,central_bus,balanced,41145.82,5396.87,47.8,3.5,62.31
241.9,1,5,central_bus,balanced,8185.32,229.81,6.5,3.5,65.54
1019.7,3,4,central_bus,budget,39690.05,2906.05,26.0,3.5,71.39
2113.5,3,4,intercity_bus,fastest,36420.56,9193.77,42.8,4.1,41.65
2269.0,1,4,train,fastest,63450.22,2609.37,35.4,4.3,47.18
1137.7,1,2,central_bus,comfort,31620.65,1080.85,28.9,3.5,61.4
1483.8,1,5,flight,comfort,78691.16,6528.65,5.7,4.7,95.59
425.9,3,4,intercity_bus,fastest,18557.74,1852.54,9.0,4.1,45.15
2379.1,4,3,flight,fastest,49324.0,41871.63,8.3,4.7,88.79
579.1,1,2,train,fastest,11727.45,665.92,9.4,4.3,47.52
2264.3,3,2,train,budget,60039.8,7811.75,35.3,4.3,70.57
1569.7,2,7,train,budget,79606.53,3610.22,24.6,4.3,77.42
1470.3,2,5,intercity_bus,budget,66435.4,4263.97,29.9,4.1,77.36
1245.1,6,2,taxi,budget,46677.77,28387.64,21.3,4.8,49.99
576.7,2,3,taxi,budget,41355.6,4382.82,10.1,4.8,74.62
448.4,2,4,intercity_bus,budget,67627.25,1300.28,9.5,4.1,81.51
552.6,1,6,central_bus,comfort,75198.06,524.92,14.3,3.5,65.48
471.9,1,2,flight,balanced,79190.49,2076.18,2.8,4.7,96.88
1877.6,2,3,train,comfort,34740.44,4318.51,29.4,4.3,71.69
859.8,1,6,train,balanced,79318.81,988.77,13.7,4.3,67.7
167.1,3,2,bike,comfort,16694.47,802.02,3.5,3.8,64.73
2326.8,2,3,central_bus,comfort,24016.23,4420.87,58.7,3.5,59.39
2124.6,2,7,bike,budget,11676.21,6798.63,39.1,3.8,49.28
2228.8,1,4,train,budget,25380.39,2563.09,34.8,4.3,74.53
2387.9,2,3,flight,balanced,62595.32,21013.8,8.3,4.7,81.53
442.1,3,2,train,balanced,68969.33,1525.35,7.3,4.3,71.28
969.1,6,2,train,budget,63416.95,6686.75,15.4,4.3,75.86
1827.0,1,3,intercity_bus,comfort,52329.93,2649.19,37.0,4.1,70.61
1679.6,5,6,train,balanced,43547.49,9657.52,26.3,4.3,62.53
394.7,2,4,train,fastest,58152.82,907.89,6.6,4.3,46.28
1963.5,2,5,train,fastest,34312.52,4516.11,30.7,4.3,42.41
561.9,2,7,train,fastest,68098.13,1292.43,9.1,4.3,47.11
560.4,1,4,flight,balanced,55789.26,2465.97,3.1,4.7,96.9
1302.6,1,3,intercity_bus,budget,57335.35,1888.81,26.6,4.1,76.49
1435.3,3,4,train,budget,45195.2,4951.67,22.6,4.3,78.05
1404.8,2,7,train,budget,71392.17,3231.05,22.1,4.3,77.67
246.8,5,6,train,balanced,23901.11,1419.24,4.3,4.3,69.61
2109.6,2,2,central_bus,balanced,33586.07,4008.21,53.2,3.5,60.71
659.5,1,5,train,fastest,63323.19,758.39,10.6,4.3,48.05
337.0,3,4,flight,balanced,41956.17,4447.74,2.5,4.7,90.42
2136.3,2,7,train,fastest,71691.05,4913.57,33.4,4.3,48.1
2294.9,2,2,train,fastest,30979.95,5278.26,35.8,4.3,47.13
2073.2,3,4,taxi,budget,32699.76,23634.96,35.1,4.8,46.93
1948.6,5,6,flight,balanced,71655.18,42868.17,7.1,4.7,74.63
1582.9,4,4,train,budget,39827.77,7281.45,24.9,4.3,71.41
1335.5,3,4,taxi,budget,43709.34,15225.06,22.8,4.8,64.46
236.2,3,2,intercity_bus,balanced,29957.28,1027.29,5.2,4.1,69.05
998.0,6,3,taxi,balanced,25750.25,22755.18,17.1,4.8,40.32
913.3,2,3,central_bus,comfort,54196.15,1735.22,23.3,3.5,58.79
645.6,1,7,central_bus,fastest,13988.05,613.34,16.6,3.5,41.94
1744.5,2,3,bike,comfort,70945.45,5582.42,32.2,3.8,65.22
1205.2,1,4,train,fastest,63440.24,1386.01,19.0,4.3,46.67
222.1,3,5,central_bus,fastest,19306.12,632.93,6.1,3.5,42.68
551.8,3,3,intercity_bus,fastest,57051.5,2400.48,11.5,4.1,44.28
1649.3,2,4,train,budget,50197.47,3793.44,25.9,4.3,74.56
210.4,1,5,train,budget,18840.13,241.99,3.7,4.3,76.77
2047.4,3,6,train,balanced,25490.26,7063.39,32.0,4.3,60.08
1203.5,2,4,central_bus,fastest,35673.99,2286.64,30.6,3.5,44.81
1169.0,3,5,central_bus,fastest,57443.21,3331.62,29.7,3.5,42.36
1434.0,2,2,central_bus,fastest,52904.26,2724.61,36.4,3.5,41.63
1984.5,2,7,train,budget,44917.61,4564.34,31.0,4.3,74.96
854.3,1,2,intercity_bus,balanced,62630.79,1238.75,17.6,4.1,68.52
1636.9,1,5,car,budget,61845.33,3601.18,27.8,4.5,79.27
1370.8,4,3,intercity_bus,comfort,51339.44,7950.55,27.9,4.1,65.91
662.9,5,7,central_bus,comfort,64024.26,3148.57,17.1,3.5,62.98
2112.4,3,5,flight,comfort,30069.75,27883.06,7.5,4.7,81.37
1919.9,1,5,flight,balanced,71093.71,8447.56,7.0,4.7,95.85
1590.5,2,3,intercity_bus,comfort,51118.26,4612.54,32.3,4.1,68.73
2045.9,3,4,taxi,balanced,66677.26,23323.02,34.6,4.8,62.17
2085.5,4,4,intercity_bus,budget,45970.93,12095.83,42.2,4.1,65.02
1708.8,1,5,taxi,budget,21382.87,6493.52,29.0,4.8,67.43
2013.7,1,2,train,balanced,45680.76,2315.78,31.5,4.3,69.23
1683.0,3,7,train,budget,32833.37,5806.38,26.4,4.3,71.64
1641.9,2,6,train,budget,57312.43,3776.45,25.8,4.3,79.47
1496.1,2,3,flight,balanced,40684.53,13165.76,5.8,4.7,84.21
1813.9,1,6,intercity_bus,comfort,67708.46,2630.21,36.8,4.1,68.69
405.9,2,4,train,balanced,55855.44,933.56,6.7,4.3,71.54
2117.7,4,4,train,fastest,56340.83,9741.25,33.1,4.3,46.79
2096.3,6,3,car,budget,21286.65,27670.75,35.4,4.5,29.75
99.3,2,4,taxi,balanced,78818.73,754.8,2.2,4.8,75.34
1987.2,2,5,central_bus,budget,68125.64,3775.65,50.2,3.5,72.57
335.4,1,4,central_bus,comfort,64175.37,318.65,8.9,3.5,64.97
824.2,2,4,intercity_bus,budget,29766.14,2390.27,17.0,4.1,76.86
1792.1,2,5,intercity_bus,balanced,45172.37,5197.13,36.3,4.1,68.41
411.0,3,5,car,comfort,15282.74,2712.61,7.4,4.5,68.24
1968.6,2,2,train,comfort,45385.7,4527.74,30.8,4.3,69.04
2002.2,1,6,intercity_bus,comfort,15941.69,2903.13,40.5,4.1,68.48
1232.7,1,4,train,fastest,46477.84,1417.6,19.5,4.3,44.62
45.1,2,3,intercity_bus,balanced,53654.14,130.89,1.4,4.1,67.09
710.3,1,3,intercity_bus,balanced,34264.7,1029.91,14.7,4.1,67.8
1492.1,1,4,intercity_bus,comfort,42390.87,2163.57,30.3,4.1,68.49
2355.4,8,6,train,budget,70674.0,21669.78,36.7,4.3,67.37
1527.4,2,3,intercity_bus,comfort,13142.24,4429.45,31.0,4.1,63.64
645.7,2,5,train,fastest,64379.97,1485.19,10.4,4.3,46.6
1532.6,5,2,train,comfort,17806.59,8812.41,24.1,4.3,64.89
1309.8,8,4,train,balanced,7753.1,12049.84,20.7,4.3,37.18
1878.2,2,10,flight,comfort,18918.1,16528.46,6.9,4.7,83.36
283.5,4,5,intercity_bus,budget,62378.24,1644.56,6.2,4.1,77.47
1833.6,2,3,central_bus,balanced,35384.46,3483.91,46.3,3.5,60.55
1312.8,2,4,flight,budget,70439.04,11552.66,5.3,4.7,87.82
2312.3,2,3,central_bus,comfort,44353.07,4393.35,58.3,3.5,63.5
840.2,3,4,intercity_bus,balanced,6668.78,3655.03,17.3,4.1,50.69
1529.3,3,5,intercity_bus,fastest,58753.52,6652.52,31.1,4.1,43.16
2238.9,2,5,intercity_bus,balanced,13267.47,6492.83,45.3,4.1,54.14
272.9,1,3,central_bus,budget,64203.47,259.3,7.3,3.5,75.39
2251.2,3,7,intercity_bus,balanced,17607.69,9792.86,45.5,4.1,49.78
1660.3,1,4,taxi,fastest,30908.48,6309.1,28.2,4.8,46.05
190.8,2,3,taxi,fastest,62095.36,1449.88,3.7,4.8,46.99
743.3,3,4,train,fastest,76567.35,2564.33,11.9,4.3,47.56
1708.4,3,4,train,fastest,32857.55,5893.87,26.8,4.3,45.67
189.6,4,4,central_bus,budget,67205.02,720.56,5.2,3.5,74.65
1409.7,5,4,train,balanced,19309.42,8106.03,22.2,4.3,57.05
849.7,2,4,train,comfort,65538.48,1954.41,13.6,4.3,69.4
1501.6,3,3,taxi,fastest,54312.05,17117.9,25.5,4.8,44.98
138.4,3,6,train,comfort,19455.76,477.51,2.6,4.3,73.54
2095.5,1,4,car,comfort,27687.8,4610.19,35.4,4.5,70.37
2337.2,1,2,flight,balanced,14882.82,10283.54,8.2,4.7,71.16
2326.2,2,5,flight,comfort,33722.53,20470.92,8.1,4.7,86.5
1806.7,2,7,train,comfort,20273.65,4155.35,28.3,4.3,67.52
338.3,3,7,train,budget,53299.85,1167.15,5.7,4.3,80.11
1827.1,4,3,intercity_bus,comfort,79587.88,10597.09,37.0,4.1,66.75
88.3,1,2,train,balanced,5900.69,101.51,1.9,4.3,73.43
82.4,1,4,train,comfort,45568.99,94.8,1.8,4.3,73.56
797.0,6,2,train,balanced,48024.99,5499.0,12.8,4.3,67.23
1188.1,1,7,train,fastest,73565.66,1366.3,18.8,4.3,48.63
1855.9,2,3,train,comfort,42950.4,4268.49,29.1,4.3,69.76
1649.4,2,3,flight,comfort,45777.61,14514.81,6.2,4.7,91.09
1086.8,2,4,train,comfort,40373.96,2499.62,17.2,4.3,70.37
678.5,1,3,train,fastest,25167.82,780.27,10.9,4.3,48.58
2393.2,1,5,central_bus,budget,9202.18,2273.53,60.3,3.5,67.08
1040.0,1,4,bike,comfort,35649.33,1664.08,19.4,3.8,67.13
1099.8,2,3,train,balanced,8944.36,2529.51,17.4,4.3,62.96
417.8,2,3,train,budget,46286.94,960.91,6.9,4.3,80.66
1913.7,1,4,central_bus,budget,28047.02,1818.01,48.3,3.5,74.87
1674.0,3,2,car,budget,45020.18,11048.58,28.4,4.5,66.45
553.2,4,4,flight,comfort,15072.27,9736.74,3.1,4.7,88.66
225.2,1,4,central_bus,fastest,74947.25,213.98,6.1,3.5,44.54
1642.8,2,5,train,fastest,72089.09,3778.4,25.8,4.3,46.87
1581.2,3,7,intercity_bus,comfort,19249.74,6878.18,32.1,4.1,63.06
677.6,2,7,train,balanced,30758.32,1558.54,10.9,4.3,70.62
2283.5,2,7,central_bus,balanced,51011.96,4338.74,57.6,3.5,64.78
388.0,3,3,flight,balanced,12176.47,5121.7,2.6,4.7,82.08
1054.6,5,2,bike,comfort,31592.59,8437.07,19.7,3.8,60.75
2266.4,4,3,train,fastest,23833.42,10425.3,35.4,4.3,43.83
1024.8,2,6,train,comfort,73663.75,2356.93,16.3,4.3,72.19
1543.3,3,10,intercity_bus,fastest,68938.3,6713.38,31.4,4.1,44.89
972.3,2,6,flight,budget,48487.46,8556.23,4.3,4.7,89.1
679.9,3,2,flight,comfort,44025.98,8974.55,3.4,4.7,92.34
2362.0,2,7,train,fastest,74804.43,5432.66,36.8,4.3,48.51
1000.1,1,4,train,budget,74932.08,1150.14,15.9,4.3,79.65
2149.0,3,2,intercity_bus,budget,77699.76,9348.22,43.5,4.1,72.34
575.0,2,4,train,comfort,14403.42,1322.48,9.3,4.3,70.19
535.1,2,2,taxi,fastest,17041.84,4066.44,9.4,4.8,42.88
103.8,5,4,intercity_bus,budget,55755.25,752.46,2.6,4.1,78.11
1574.5,1,3,flight,comfort,45607.59,6927.58,6.0,4.7,94.55
903.4,2,4,central_bus,budget,6384.94,1716.47,23.1,3.5,64.36
2078.5,1,4,flight,balanced,9648.13,9145.53,7.4,4.7,66.21
1151.5,4,6,train,comfort,71606.03,5296.93,18.2,4.3,70.34
2324.6,3,5,taxi,budget,70165.31,26500.65,39.2,4.8,62.88
469.7,2,4,train,comfort,31795.32,1080.3,7.7,4.3,72.52
2088.6,3,6,intercity_bus,comfort,71828.8,9085.57,42.3,4.1,70.59
1870.5,2,7,train,fastest,49525.63,4302.23,29.3,4.3,47.09
1857.1,4,2,intercity_bus,fastest,65442.92,10771.09,37.6,4.1,41.56
2032.1,2,4,train,budget,37057.33,4673.91,31.8,4.3,75.28
1833.6,2,3,train,comfort,13504.87,4217.34,28.7,4.3,69.96
1514.1,6,2,bike,comfort,37529.53,14535.76,28.0,3.8,60.34
341.1,2,5,train,balanced,39297.48,784.42,5.7,4.3,72.03
107.1,1,6,flight,comfort,46320.81,471.18,1.8,4.7,97.49
2212.4,2,3,bike,fastest,12918.7,7079.71,40.7,3.8,41.07
1491.5,6,6,train,comfort,79355.14,10291.08,23.4,4.3,70.09
1917.8,2,6,central_bus,fastest,23310.26,3643.81,48.4,3.5,39.25
1171.2,1,7,train,balanced,19891.43,1346.89,18.5,4.3,68.98
308.0,2,3,train,budget,44510.22,708.45,5.2,4.3,80.21
326.7,2,7,intercity_bus,fastest,45290.61,947.4,7.0,4.1,45.92
1654.8,1,3,car,budget,37986.56,3640.54,28.1,4.5,76.14
1049.8,3,4,train,budget,62891.91,3621.9,16.7,4.3,76.87
505.2,8,2,central_bus,budget,43749.08,3839.85,13.1,3.5,73.73
1195.1,2,2,intercity_bus,budget,50727.16,3465.73,24.4,4.1,76.93
182.2,2,5,taxi,fastest,59280.98,1384.53,3.5,4.8,48.22
1409.3,2,4,train,balanced,6876.88,3241.33,22.2,4.3,53.72
667.5,1,3,central_bus,comfort,47798.31,634.14,17.2,3.5,62.39
1920.2,5,3,central_bus,fastest,71314.59,9121.02,48.5,3.5,42.0
765.6,2,5,central_bus,balanced,6304.16,1454.56,19.6,3.5,56.78
1108.9,2,2,car,comfort,35388.66,4879.04,19.0,4.5,68.08
57.5,3,6,taxi,budget,74467.06,655.96,1.5,4.8,82.85
201.7,2,2,train,comfort,31486.58,463.91,3.6,4.3,72.39
960.2,3,3,intercity_bus,comfort,39404.66,4176.91,19.7,4.1,68.29
1167.5,1,3,intercity_bus,balanced,78615.6,1692.81,23.8,4.1,67.22
1452.0,4,4,train,comfort,19949.29,6679.42,22.8,4.3,67.93
721.2,6,3,intercity_bus,budget,9894.14,6274.79,14.9,4.1,47.76
1677.1,3,3,intercity_bus,fastest,69456.69,7295.42,34.0,4.1,41.34
2068.5,6,7,intercity_bus,fastest,70134.9,17995.86,41.9,4.1,44.34
1878.2,1,4,bike,balanced,40405.84,3005.19,34.6,3.8,66.75
123.9,2,2,train,budget,43565.54,284.96,2.4,4.3,79.39
1168.8,3,4,car,budget,67685.48,7714.09,20.0,4.5,74.16
278.7,2,6,intercity_bus,comfort,60391.96,808.19,6.1,4.1,65.75
603.6,2,3,central_bus,balanced,24886.18,1146.93,15.6,3.5,66.21
2368.4,2,2,taxi,budget,6267.0,17999.77,40.0,4.8,31.42
367.7,1,5,intercity_bus,budget,40977.51,533.19,7.9,4.1,78.12
1212.4,2,4,intercity_bus,budget,69418.42,3515.86,24.7,4.1,78.44
1495.0,1,4,intercity_bus,fastest,72187.6,2167.79,30.4,4.1,42.4
1694.8,3,2,intercity_bus,fastest,76716.96,7372.56,34.4,4.1,42.92
1356.4,1,2,car,fastest,70967.24,2984.01,23.1,4.5,45.59
53.2,1,4,taxi,comfort,48503.27,202.0,1.4,4.8,75.51
803.7,2,3,train,comfort,38345.42,1848.54,12.9,4.3,71.22
1257.0,2,4,train,comfort,63113.74,2891.05,19.8,4.3,71.8
238.2,5,4,intercity_bus,budget,60486.62,1727.27,5.3,4.1,77.11
861.0,2,3,train,fastest,45360.76,1980.27,13.7,4.3,45.99
108.7,2,7,central_bus,budget,11549.55,206.51,3.2,3.5,78.92
216.2,4,6,train,budget,74456.1,994.66,3.8,4.3,83.26
970.7,2,5,intercity_bus,balanced,39170.19,2815.05,19.9,4.1,67.29
344.5,1,2,train,budget,32250.03,396.22,5.8,4.3,78.56
1375.1,2,2,train,comfort,52217.55,3162.67,21.7,4.3,73.15
1664.0,5,4,central_bus,fastest,55537.85,7904.15,42.1,3.5,38.26
1927.4,2,3,intercity_bus,fastest,20801.59,5589.43,39.0,4.1,41.58
504.4,2,10,bike,budget,67770.41,1613.94,9.7,3.8,76.51
426.9,1,3,taxi,comfort,26745.28,1622.35,7.6,4.8,73.34
277.8,1,4,intercity_bus,comfort,19001.29,402.85,6.1,4.1,68.23
1538.3,2,3,train,comfort,35479.99,3538.18,24.2,4.3,69.05
1704.3,2,4,taxi,fastest,59792.01,12953.04,28.9,4.8,45.74
104.9,1,2,car,comfort,77409.36,230.69,2.2,4.5,73.28
2248.8,6,4,taxi,comfort,65696.09,51273.16,38.0,4.8,63.35
153.2,4,3,train,budget,75526.13,704.59,2.9,4.3,79.29
1312.9,2,6,bike,balanced,15545.44,4201.19,24.4,3.8,59.31
1710.5,4,2,train,comfort,10338.26,7868.18,26.8,4.3,61.64
2094.2,1,7,flight,budget,46827.86,9214.47,7.5,4.7,87.34
1722.4,2,6,car,budget,26772.31,7578.5,29.2,4.5,67.51
1930.1,3,3,train,comfort,67104.12,6658.83,30.2,4.3,71.23
834.5,4,5,car,balanced,55399.09,7343.57,14.4,4.5,67.86
1961.1,4,2,train,fastest,77804.61,9021.22,30.7,4.3,48.67
219.9,2,7,bike,balanced,24109.43,703.59,4.5,3.8,66.41
2150.7,6,4,train,comfort,41433.81,14839.94,33.6,4.3,65.76
1327.8,1,3,car,balanced,42593.04,2921.15,22.6,4.5,71.89
1967.0,5,3,train,budget,22938.26,11310.23,30.8,4.3,55.28
1102.0,8,2,flight,budget,49257.0,38790.2,4.6,4.7,53.8
1555.3,1,10,intercity_bus,balanced,38246.45,2255.15,31.6,4.1,67.22
1277.6,3,2,intercity_bus,fastest,38504.12,5557.45,26.1,4.1,43.53
1763.9,1,5,train,balanced,32205.25,2028.45,27.6,4.3,65.34
223.5,2,4,flight,comfort,6269.7,1966.47,2.1,4.7,93.1
173.0,2,7,train,fastest,44157.14,397.98,3.2,4.3,46.58
615.6,2,3,central_bus,balanced,30143.59,1169.71,15.9,3.5,66.06
408.1,6,4,train,balanced,5098.99,2816.03,6.8,4.3,51.81
2096.1,3,4,car,fastest,28095.78,13834.44,35.4,4.5,40.43
549.5,2,5,train,balanced,25897.12,1263.94,9.0,4.3,68.16
2342.8,4,2,train,comfort,34508.61,10776.88,36.5,4.3,65.76
828.4,6,3,train,budget,14888.9,5716.26,13.2,4.3,62.75
461.6,1,3,intercity_bus,comfort,43076.29,669.35,9.7,4.1,68.52
1901.6,8,5,train,balanced,56933.03,17494.59,29.8,4.3,59.93
1591.1,1,3,intercity_bus,budget,52263.92,2307.15,32.3,4.1,75.45
1210.7,4,4,taxi,fastest,65281.62,18403.0,20.7,4.8,46.86
1346.2,2,3,flight,comfort,38900.62,11846.66,5.3,4.7,93.43
1734.5,1,6,central_bus,fastest,43931.88,1647.78,43.9,3.5,43.26
571.4,2,7,train,budget,65780.15,1314.31,9.3,4.3,80.05
2391.3,3,4,central_bus,balanced,37077.59,6815.24,60.3,3.5,60.93
2340.3,2,3,train,budget,57619.95,5382.6,36.5,4.3,73.82
1571.3,1,3,flight,budget,37595.18,6913.6,6.0,4.7,87.84
502.9,2,2,train,fastest,36330.21,1156.71,8.2,4.3,46.4
1642.1,5,3,intercity_bus,comfort,62015.42,11905.52,33.3,4.1,63.35
201.1,2,5,intercity_bus,budget,18112.77,583.22,4.5,4.1,79.03
102.6,1,4,taxi,balanced,30393.95,390.06,2.2,4.8,71.05
640.7,2,7,train,budget,21812.92,1473.63,10.4,4.3,78.73
1126.4,1,3,central_bus,fastest,31933.25,1070.1,28.7,3.5,42.84
2087.8,4,5,train,comfort,22278.11,9603.91,32.6,4.3,66.21
1753.4,4,4,flight,balanced,48455.42,30859.68,6.5,4.7,75.73
1790.2,2,4,car,fastest,64862.81,7876.94,30.3,4.5,45.15
1038.4,2,3,intercity_bus,budget,63995.98,3011.42,21.3,4.1,79.49
849.9,4,4,intercity_bus,budget,32337.57,4929.22,17.5,4.1,71.5
909.4,2,4,car,comfort,79157.03,4001.19,15.7,4.5,72.98
2370.7,4,5,intercity_bus,fastest,49539.08,13750.23,47.9,4.1,41.02
125.1,3,7,intercity_bus,fastest,34955.02,544.01,3.0,4.1,43.22
2084.9,4,3,central_bus,comfort,67665.45,7922.49,52.6,3.5,61.82
1401.5,2,2,central_bus,balanced,59740.55,2662.78,35.5,3.5,65.69
1069.5,2,4,train,fastest,61195.65,2459.89,17.0,4.3,46.16
1748.9,6,4,taxi,comfort,19710.45,39874.02,29.6,4.8,58.83
1183.4,2,3,intercity_bus,fastest,40124.32,3431.88,24.2,4.1,42.01
2100.0,3,5,train,comfort,69637.11,7245.05,32.8,4.3,72.08
2164.7,1,10,flight,budget,42802.85,9524.52,7.7,4.7,85.35
1029.5,3,7,intercity_bus,budget,56258.96,4478.23,21.1,4.1,74.57
686.1,2,3,train,fastest,49095.03,1577.99,11.1,4.3,49.6
1433.9,1,6,central_bus,fastest,68176.76,1362.18,36.3,3.5,39.97
2192.3,1,5,taxi,budget,26342.06,8330.74,37.0,4.8,64.13
529.3,3,4,taxi,balanced,48160.65,6033.67,9.3,4.8,67.0
1506.4,4,4,car,comfort,14242.6,13256.59,25.6,4.5,61.75
1526.8,2,6,taxi,balanced,56765.81,11603.66,25.9,4.8,68.38
1767.5,1,4,train,balanced,59897.59,2032.6,27.7,4.3,71.41
341.8,3,3,intercity_bus,balanced,8212.8,1486.9,7.3,4.1,64.42
1726.5,1,4,flight,budget,55684.32,7596.62,6.4,4.7,89.71
2184.4,2,4,intercity_bus,fastest,36101.76,6334.78,44.2,4.1,45.94
455.8,1,3,central_bus,balanced,14307.27,433.06,11.9,3.5,66.27
593.0,1,7,central_bus,budget,36493.07,563.33,15.3,3.5,77.79
2332.2,1,5,intercity_bus,comfort,19567.47,3381.7,47.1,4.1,66.22
458.9,2,4,car,fastest,36166.96,2019.23,8.1,4.5,46.33
2054.9,1,2,intercity_bus,comfort,33825.43,2979.59,41.6,4.1,70.14
1196.7,2,4,intercity_bus,balanced,60379.37,3470.43,24.4,4.1,68.38
615.9,2,2,bike,fastest,63066.17,1971.0,11.7,3.8,46.89
2093.7,2,2,intercity_bus,balanced,50527.15,6071.66,42.4,4.1,65.76
1085.4,2,4,train,fastest,6701.51,2496.36,17.2,4.3,42.75
1250.1,4,4,intercity_bus,balanced,74826.67,7250.68,25.5,4.1,65.32
881.4,1,4,flight,comfort,56467.5,3878.09,4.0,4.7,94.92
1435.3,2,2,flight,comfort,7564.66,12630.58,5.6,4.7,79.86
417.6,1,4,flight,balanced,66412.47,1837.23,2.7,4.7,94.47
956.9,1,3,flight,fastest,20019.96,4210.2,4.2,4.7,97.1
2327.5,2,10,train,comfort,48441.59,5353.27,36.3,4.3,69.37
641.8,2,4,taxi,fastest,39997.58,4877.5,11.2,4.8,46.87
1586.5,5,5,taxi,fastest,36487.91,30142.85,26.9,4.8,40.07
800.7,2,3,train,comfort,71728.53,1841.61,12.8,4.3,70.58
1863.1,6,2,train,budget,37802.1,12855.61,29.2,4.3,65.49
340.2,1,10,bike,budget,10650.81,544.27,6.7,3.8,74.51
2328.5,1,3,taxi,fastest,75997.9,8848.21,39.3,4.8,47.11
1105.5,1,4,taxi,comfort,74040.14,4200.83,18.9,4.8,75.5
589.4,1,4,taxi,budget,56332.45,2239.87,10.3,4.8,78.96
204.2,2,2,intercity_bus,balanced,40091.94,592.14,4.6,4.1,67.12
432.3,3,6,central_bus,fastest,11964.46,1232.13,11.3,3.5,42.13
1261.9,1,4,intercity_bus,budget,64306.11,1829.7,25.7,4.1,78.75
828.7,6,3,train,comfort,10660.84,5718.01,13.2,4.3,62.78
1994.5,4,2,flight,comfort,10145.07,35102.38,7.2,4.7,81.86
1051.2,2,3,intercity_bus,fastest,45303.79,3048.49,21.5,4.1,44.66
619.5,1,6,central_bus,comfort,17009.62,588.48,16.0,3.5,60.42
1492.6,1,5,intercity_bus,balanced,5579.77,2164.32,30.4,4.1,54.73
1705.1,1,3,intercity_bus,balanced,36733.51,2472.34,34.6,4.1,68.94
425.9,1,2,train,budget,15291.29,489.77,7.1,4.3,79.18
427.3,2,5,train,comfort,17038.66,982.69,7.1,4.3,70.13
116.9,1,4,train,balanced,10768.3,134.45,2.3,4.3,69.75
1775.3,2,4,train,fastest,20382.03,4083.13,27.8,4.3,44.97
1603.2,8,3,bike,comfort,58661.31,20521.17,29.6,3.8,60.71
1154.9,3,3,train,budget,65669.55,3984.32,18.3,4.3,76.01
2030.7,6,5,train,fastest,38940.02,14011.72,31.7,4.3,41.53
1939.4,1,10,central_bus,fastest,42991.54,1842.47,49.0,3.5,43.14
1417.3,2,3,central_bus,fastest,7449.13,2692.85,35.9,3.5,39.7
2087.8,2,4,train,balanced,10198.72,4801.95,32.6,4.3,53.08
517.8,1,4,flight,fastest,24317.58,2278.51,3.0,4.7,96.67
295.2,1,4,flight,balanced,45792.38,1299.1,2.3,4.7,94.75
669.3,3,3,train,fastest,60466.34,2309.11,10.8,4.3,46.97
165.3,3,6,train,balanced,50375.23,570.27,3.0,4.3,70.56
1288.9,2,4,car,comfort,34409.59,5671.04,22.0,4.5,70.17
2249.8,2,4,taxi,balanced,13874.31,17098.14,38.0,4.8,40.55
123.2,2,3,central_bus,balanced,63557.99,234.16,3.6,3.5,66.14
319.4,1,3,train,comfort,32283.95,367.31,5.4,4.3,70.46
1101.7,2,2,intercity_bus,fastest,60204.05,3194.96,22.5,4.1,43.1
2243.3,1,5,central_bus,comfort,43473.41,2131.12,56.6,3.5,63.69
779.3,1,3,train,fastest,60399.65,896.18,12.5,4.3,45.12
1232.1,6,5,intercity_bus,balanced,73046.72,10719.67,25.1,4.1,63.31
128.5,2,3,central_bus,fastest,74077.21,244.2,3.7,3.5,43.99
381.6,3,4,train,balanced,45133.01,1316.43,6.4,4.3,70.82
2368.3,2,4,flight,fastest,43363.13,20841.16,8.3,4.7,92.88
2317.3,2,3,taxi,balanced,24925.88,17611.72,39.1,4.8,51.01
41.7,1,2,train,balanced,75184.99,47.96,1.1,4.3,71.82
2285.8,1,3,taxi,budget,39343.94,8686.02,38.6,4.8,68.93
1544.7,1,5,train,fastest,14569.34,1776.42,24.3,4.3,46.1
2087.0,4,5,taxi,fastest,37452.87,31721.89,35.3,4.8,37.71
1107.7,3,3,train,budget,14528.99,3821.68,17.5,4.3,69.05
1252.0,2,4,train,balanced,42689.88,2879.51,19.8,4.3,69.97
1188.6,2,3,central_bus,balanced,47095.66,2258.28,30.2,3.5,66.94
1610.5,6,3,intercity_bus,budget,30331.68,14011.07,32.7,4.1,57.78
361.0,1,2,car,budget,10373.8,794.14,6.5,4.5,75.98
101.0,2,6,intercity_bus,comfort,75762.77,293.01,2.5,4.1,67.5
759.8,2,3,train,balanced,63001.48,1747.53,12.2,4.3,70.42
1700.1,4,3,intercity_bus,comfort,67916.08,9860.54,34.5,4.1,65.48
508.4,8,3,intercity_bus,fastest,32515.13,5897.36,10.7,4.1,43.21
1626.0,1,2,train,comfort,62062.33,1869.94,25.5,4.3,73.09
2328.7,5,4,central_bus,budget,41402.97,11061.28,58.7,3.5,63.68
252.5,4,2,flight,budget,20081.26,4444.79,2.2,4.7,86.56
1624.1,1,2,taxi,budget,14331.75,6171.45,27.6,4.8,59.36
1081.7,2,4,bike,budget,30878.82,3461.4,20.2,3.8,74.34
2087.5,2,3,train,comfort,15316.41,4801.24,32.6,4.3,66.14
449.8,8,5,flight,comfort,79870.17,15834.54,2.8,4.7,89.53
1671.5,1,4,intercity_bus,comfort,8689.17,2423.71,33.9,4.1,65.49
2016.3,4,3,central_bus,budget,38085.77,7662.07,50.9,3.5,68.71
2268.7,2,5,intercity_bus,budget,38907.01,6579.33,45.9,4.1,71.27
1649.3,3,2,bike,balanced,27547.39,7916.63,30.5,3.8,58.1
1208.3,2,4,flight,balanced,47851.37,10633.08,5.0,4.7,87.62
1494.3,2,4,car,budget,16248.28,6574.91,25.4,4.5,60.94
2089.3,4,3,taxi,balanced,63793.43,31757.43,35.3,4.8,55.33
1382.3,4,4,car,fastest,29933.58,12164.64,23.5,4.5,43.03
102.0,4,6,flight,fastest,49350.69,1795.51,1.8,4.7,99.77
2236.3,1,10,intercity_bus,budget,58672.94,3242.71,45.2,4.1,74.87
1664.2,3,4,train,comfort,71678.16,5741.42,26.1,4.3,73.3
1633.3,1,4,intercity_bus,fastest,67684.06,2368.34,33.2,4.1,44.47
541.2,2,3,train,fastest,50623.18,1244.65,8.8,4.3,44.74
1591.6,2,3,intercity_bus,comfort,34129.49,4615.52,32.3,4.1,66.67
963.5,2,4,intercity_bus,balanced,42740.35,2794.03,19.8,4.1,68.74
1573.4,2,3,intercity_bus,comfort,62655.11,4562.92,32.0,4.1,67.33
282.6,8,7,bike,balanced,70815.92,3617.61,5.6,3.8,65.11
1589.1,1,3,car,balanced,12783.64,3496.01,27.0,4.5,61.83
2398.6,3,3,train,comfort,33864.22,8275.21,37.4,4.3,66.89
144.3,2,3,intercity_bus,balanced,63208.74,418.36,3.4,4.1,70.09
2345.9,1,6,intercity_bus,fastest,37373.88,3401.56,47.4,4.1,45.02
994.4,1,5,intercity_bus,budget,29917.08,1441.84,20.4,4.1,75.06
2093.7,6,4,flight,balanced,35849.2,55273.3,7.5,4.7,61.04
1884.3,5,3,intercity_bus,fastest,50213.36,13660.84,38.2,4.1,43.19
1373.8,5,6,central_bus,comfort,79985.39,6525.69,34.8,3.5,60.35
1780.1,8,2,taxi,balanced,41974.43,54115.79,30.2,4.8,35.92
2112.1,1,6,flight,fastest,20637.09,9293.16,7.5,4.7,91.13
987.8,2,4,train,balanced,17213.49,2271.97,15.7,4.3,67.38
805.1,3,3,flight,comfort,8176.23,10626.91,3.8,4.7,81.26
1612.2,2,4,intercity_bus,budget,46911.29,4675.37,32.7,4.1,73.05
1944.6,2,5,train,balanced,45842.91,4472.57,30.4,4.3,68.06
1836.6,2,2,train,budget,20392.54,4224.22,28.8,4.3,72.25
1920.8,2,6,intercity_bus,balanced,57149.71,5570.37,38.9,4.1,64.71
1062.3,2,4,intercity_bus,balanced,60583.03,3080.76,21.7,4.1,64.88
1968.3,1,3,train,comfort,24432.37,2263.51,30.8,4.3,71.14
314.9,2,2,central_bus,balanced,30807.48,598.3,8.4,3.5,66.08
1320.4,2,4,flight,fastest,79285.38,11619.86,5.3,4.7,94.87
43.6,2,4,train,fastest,33069.84,100.39,1.2,4.3,48.69
799.3,1,4,train,budget,62060.13,919.16,12.8,4.3,80.83
898.5,3,5,taxi,budget,38954.41,10243.06,15.5,4.8,64.57
968.9,1,4,train,fastest,64500.86,1114.27,15.4,4.3,46.59
1678.3,2,7,car,budget,62676.74,7384.33,28.5,4.5,78.01
950.9,4,4,central_bus,budget,55081.7,3613.35,24.3,3.5,74.88
1093.4,2,6,train,fastest,69108.38,2514.83,17.3,4.3,48.39
593.0,2,2,train,fastest,75441.39,1363.85,9.6,4.3,49.32
914.6,3,3,train,fastest,48498.75,3155.39,14.6,4.3,47.12
568.6,2,3,train,comfort,22810.17,1307.85,9.2,4.3,72.18
203.5,4,4,train,comfort,34897.17,935.98,3.6,4.3,72.52
1460.2,3,6,central_bus,fastest,61872.93,4161.49,37.0,3.5,41.99
1613.7,3,2,train,balanced,53816.26,5567.14,25.3,4.3,67.37
1498.2,2,2,intercity_bus,fastest,18334.88,4344.76,30.5,4.1,42.66
1128.5,1,6,central_bus,comfort,8842.97,1072.06,28.7,3.5,60.16
930.1,2,3,train,budget,56222.12,2139.21,14.8,4.3,78.43
2076.1,2,5,train,balanced,23830.93,4775.03,32.4,4.3,62.71
1260.2,2,4,train,balanced,42475.27,2898.51,19.9,4.3,67.9
1165.7,2,6,train,budget,61006.01,2681.02,18.4,4.3,77.69
90.8,2,2,flight,balanced,47200.01,798.79,1.8,4.7,95.09
838.8,1,2,train,budget,11247.69,964.57,13.4,4.3,75.27
931.1,2,4,flight,comfort,18918.52,8193.36,4.2,4.7,89.06
975.2,2,7,intercity_bus,balanced,21449.61,2828.11,20.0,4.1,65.57
1405.0,3,4,intercity_bus,balanced,24339.82,6111.79,28.6,4.1,62.22
1294.6,1,3,intercity_bus,budget,47405.25,1877.23,26.4,4.1,76.38
1470.7,2,4,flight,budget,42797.43,12942.47,5.7,4.7,84.28
1842.8,6,7,train,comfort,20237.0,12715.14,28.9,4.3,63.83
1956.8,1,6,train,budget,10066.61,2250.29,30.6,4.3,69.89
1732.0,2,10,central_bus,budget,17857.42,3290.71,43.8,3.5,68.3
2294.6,1,2,train,comfort,78828.6,2638.78,35.8,4.3,71.82
73.2,3,2,intercity_bus,fastest,40141.02,318.47,2.0,4.1,46.47
494.0,2,4,central_bus,fastest,70050.91,938.59,12.8,3.5,43.56
47.9,2,6,intercity_bus,budget,68656.44,138.98,1.5,4.1,80.96
1564.5,2,3,central_bus,comfort,43363.97,2972.58,39.6,3.5,61.89
2158.3,5,3,intercity_bus,fastest,58001.58,15647.91,43.7,4.1,42.91
607.1,1,5,flight,comfort,19456.4,2671.03,3.2,4.7,95.76
2227.1,1,2,flight,budget,56629.75,9799.12,7.9,4.7,87.81
172.8,4,3,intercity_bus,budget,25428.84,1002.44,4.0,4.1,76.61
2244.6,2,4,central_bus,comfort,67404.66,4264.77,56.6,3.5,61.93
863.3,5,4,taxi,balanced,11279.31,16403.57,14.9,4.8,38.89
270.4,2,5,intercity_bus,budget,62985.4,784.07,5.9,4.1,79.81
1181.5,4,3,intercity_bus,budget,12495.27,6852.79,24.1,4.1,51.29
638.6,2,4,flight,budget,71089.19,5619.33,3.3,4.7,91.18
705.1,3,4,central_bus,budget,27815.34,2009.67,18.1,3.5,74.04
758.3,5,4,train,comfort,54079.5,4360.09,12.2,4.3,69.26
1933.2,2,4,taxi,comfort,41562.67,14692.1,32.7,4.8,68.45
1307.8,1,3,train,comfort,32472.74,1503.98,20.6,4.3,69.25
767.8,2,2,flight,comfort,53408.14,6756.63,3.7,4.7,94.39
1476.5,1,2,flight,balanced,76064.22,6496.56,5.7,4.7,96.15
1727.3,1,3,car,comfort,8095.23,3800.01,29.3,4.5,66.3
676.1,2,4,train,comfort,73913.96,1555.07,10.9,4.3,71.84
1010.1,2,6,central_bus,budget,50681.12,1919.21,25.8,3.5,77.17
318.9,2,5,intercity_bus,balanced,65548.57,924.72,6.9,4.1,66.78
459.3,2,5,train,budget,33790.62,1056.45,7.6,4.3,79.53
1644.2,3,3,train,balanced,40388.22,5672.66,25.8,4.3,66.54
460.0,1,4,central_bus,fastest,70163.81,437.01,12.0,3.5,42.64
1274.6,1,3,intercity_bus,balanced,36113.6,1848.22,26.0,4.1,67.07
1710.4,1,3,train,balanced,45099.47,1967.01,26.8,4.3,68.72
283.3,2,2,central_bus,budget,6514.62,538.27,7.6,3.5,73.37
1374.5,1,4,flight,balanced,16894.85,6047.93,5.4,4.7,87.05
638.1,2,10,flight,balanced,53126.49,5614.87,3.3,4.7,94.69
2312.1,2,3,car,budget,58773.27,10173.4,39.0,4.5,71.01
1176.0,4,2,intercity_bus,fastest,48695.07,6820.82,24.0,4.1,41.36
1940.2,1,5,car,fastest,15748.25,4268.45,32.8,4.5,42.05
1334.0,3,3,taxi,fastest,38405.41,15208.02,22.7,4.8,45.9
132.9,3,6,train,balanced,31632.11,458.46,2.5,4.3,69.53
1530.6,4,5,train,budget,42174.6,7040.62,24.0,4.3,71.48
2284.8,6,7,intercity_bus,fastest,70274.68,19877.99,46.2,4.1,43.92
1455.8,1,4,intercity_bus,fastest,63189.61,2110.94,29.6,4.1,42.02
1971.5,1,5,central_bus,fastest,11299.21,1872.9,49.8,3.5,42.44
2125.6,5,4,central_bus,fastest,71773.19,10096.45,53.6,3.5,40.07
570.5,2,4,flight,budget,40382.54,5020.83,3.1,4.7,89.46
532.5,2,4,intercity_bus,fastest,60789.66,1544.38,11.2,4.1,44.15
1478.0,3,3,train,balanced,15502.94,5099.19,23.2,4.3,58.88
1004.1,3,4,taxi,balanced,55303.96,11447.17,17.2,4.8,65.96
2020.5,6,4,train,budget,22724.45,13941.25,31.6,4.3,48.67
2163.1,8,6,bike,comfort,37878.57,27687.1,39.8,3.8,52.8
867.6,3,5,train,fastest,6264.72,2993.25,13.8,4.3,42.63
591.4,2,5,car,fastest,16370.8,2602.09,10.4,4.5,43.66
1879.8,5,2,train,balanced,11906.04,10809.11,29.4,4.3,40.01
681.3,1,5,train,budget,22980.81,783.48,11.0,4.3,76.83
1979.6,1,4,train,comfort,12501.36,2276.54,31.0,4.3,68.38
1034.3,5,6,flight,balanced,56893.25,22753.71,4.5,4.7,83.38
1612.1,2,7,taxi,comfort,7177.99,12251.91,27.4,4.8,60.67
256.4,1,2,intercity_bus,budget,51330.54,371.81,5.6,4.1,79.07
1508.5,1,6,car,budget,15553.09,3318.8,25.6,4.5,70.78
1100.7,4,2,central_bus,budget,75887.11,4182.62,28.0,3.5,72.79
1420.3,2,3,central_bus,balanced,74982.06,2698.5,36.0,3.5,65.57
428.2,3,4,taxi,budget,21912.73,4881.41,7.6,4.8,64.9
1776.4,1,2,train,balanced,51081.6,2042.85,27.8,4.3,70.44
2074.8,4,5,intercity_bus,balanced,7100.4,12034.01,42.0,4.1,34.13
543.7,4,2,car,fastest,74884.14,4784.33,9.6,4.5,45.17
256.8,2,3,car,balanced,44224.05,1130.11,4.8,4.5,71.22
86.0,2,4,bike,balanced,8241.74,275.28,2.1,3.8,69.7
1551.5,1,5,car,fastest,30687.5,3413.24,26.4,4.5,45.46
1468.8,8,7,train,comfort,10763.71,13513.08,23.1,4.3,55.43
1325.7,3,5,taxi,fastest,34470.83,15112.67,22.6,4.8,43.75
579.7,6,5,intercity_bus,fastest,55244.48,5043.52,12.1,4.1,41.86
956.4,2,3,bike,budget,40241.74,3060.63,17.9,3.8,73.95
1438.9,4,2,intercity_bus,budget,33779.16,8345.67,29.3,4.1,68.54
1207.3,4,2,central_bus,fastest,13936.78,4587.88,30.7,3.5,38.66
2371.1,3,4,intercity_bus,budget,23370.43,10314.07,47.9,4.1,54.17
353.4,6,5,train,fastest,12510.75,2438.2,5.9,4.3,43.1
1677.5,2,4,train,budget,65562.4,3858.23,26.3,4.3,77.62
988.2,1,5,taxi,balanced,15142.99,3755.29,17.0,4.8,65.16
1044.8,3,4,flight,budget,49653.0,13791.8,4.5,4.7,81.09
1730.7,3,2,train,budget,30705.53,5970.94,27.1,4.3,71.27
1671.1,2,3,flight,balanced,21948.38,14705.45,6.3,4.7,75.65
2379.3,1,6,central_bus,fastest,52960.13,2260.31,60.0,3.5,44.26
334.3,2,5,intercity_bus,budget,39275.17,969.45,7.2,4.1,78.32
276.7,2,6,train,budget,35010.91,636.5,4.8,4.3,80.17
1746.7,2,2,taxi,balanced,49463.9,13274.79,29.6,4.8,59.95
1400.8,3,10,flight,balanced,41845.07,18490.26,5.5,4.7,84.78
679.8,3,3,intercity_bus,balanced,27761.32,2956.96,14.1,4.1,64.99
218.2,1,2,central_bus,comfort,46929.6,207.31,6.0,3.5,61.39
233.0,2,10,train,balanced,55212.39,535.92,4.1,4.3,70.75
2149.2,2,3,intercity_bus,fastest,7001.99,6232.77,43.5,4.1,38.14
484.7,1,5,train,budget,39940.38,557.43,8.0,4.3,82.93
796.4,4,3,train,budget,9326.25,3663.4,12.8,4.3,60.86
567.2,5,4,central_bus,comfort,18980.41,2694.08,14.7,3.5,62.23
871.3,2,7,car,budget,47038.16,3833.9,15.0,4.5,76.42
194.5,4,3,intercity_bus,budget,69964.17,1128.3,4.4,4.1,76.69
1260.2,5,5,train,fastest,71210.43,7245.99,19.9,4.3,48.94
190.2,4,3,central_bus,budget,10245.8,722.92,5.3,3.5,72.82
1926.8,1,4,taxi,fastest,36432.88,7322.01,32.6,4.8,48.18
583.9,6,3,flight,comfort,48725.49,15414.9,3.2,4.7,93.0
1309.8,2,3,taxi,fastest,16030.24,9954.69,22.3,4.8,42.6
2115.8,2,3,intercity_bus,balanced,62407.42,6135.78,42.8,4.1,68.89
1572.6,1,3,flight,balanced,60817.64,6919.35,6.0,4.7,96.47
1293.1,2,7,train,comfort,72750.58,2974.15,20.4,4.3,70.97
798.7,1,3,train,budget,5636.45,918.47,12.8,4.3,70.95
819.2,1,3,intercity_bus,fastest,21251.32,1187.86,16.9,4.1,41.42
1616.7,2,4,intercity_bus,balanced,67039.0,4688.38,32.8,4.1,70.51
2386.1,4,3,car,fastest,55293.5,20997.77,40.3,4.5,42.83
1598.6,5,5,taxi,balanced,72079.24,30372.62,27.1,4.8,59.5
1351.9,2,10,train,fastest,9288.47,3109.48,21.3,4.3,43.28
1761.6,4,4,train,budget,49772.3,8103.55,27.6,4.3,74.48
1132.5,4,6,intercity_bus,comfort,47678.49,6568.72,23.2,4.1,65.85
172.5,4,4,train,budget,7675.58,793.67,3.2,4.3,73.36
1362.6,1,3,central_bus,fastest,43514.16,1294.51,34.6,3.5,41.25
2299.6,3,5,car,balanced,50714.02,15177.17,38.8,4.5,60.37
445.5,6,4,bike,balanced,19346.99,4276.49,8.6,3.8,62.27
1665.3,3,5,central_bus,comfort,25499.72,4746.14,42.1,3.5,59.99
506.2,2,6,taxi,budget,53026.05,3847.22,8.9,4.8,78.34
1299.9,2,4,intercity_bus,budget,40122.57,3769.74,26.5,4.1,73.92
259.1,3,7,train,budget,69351.02,893.97,4.5,4.3,78.67
1097.4,2,5,intercity_bus,balanced,30678.63,3182.4,22.4,4.1,65.08
1822.1,1,4,central_bus,comfort,24999.47,1731.0,46.1,3.5,64.89
853.7,2,4,flight,balanced,78864.95,7512.95,3.9,4.7,94.1
1605.8,4,3,train,budget,73335.18,7386.87,25.2,4.3,72.3
1915.2,4,10,intercity_bus,fastest,7174.46,11108.26,38.8,4.1,33.99
2227.4,1,5,intercity_bus,balanced,62804.65,3229.75,45.0,4.1,67.93
586.1,6,2,car,comfort,13275.11,7736.54,10.3,4.5,67.31
976.4,2,3,intercity_bus,budget,7061.39,2831.5,20.0,4.1,60.55
391.2,3,4,flight,fastest,25527.16,5164.18,2.6,4.7,93.99
2382.2,4,2,flight,balanced,25200.94,41926.47,8.3,4.7,65.73
2227.0,4,2,train,fastest,66448.91,10244.16,34.8,4.3,46.15
1309.7,6,4,central_bus,fastest,58300.04,7465.28,33.2,3.5,42.45
2025.6,2,3,taxi,comfort,78620.71,15394.7,34.3,4.8,71.32
1264.7,4,4,intercity_bus,balanced,58363.47,7335.09,25.8,4.1,61.59
1507.9,1,3,car,comfort,36369.17,3317.38,25.6,4.5,69.8
241.2,3,3,train,budget,57419.57,832.23,4.2,4.3,74.71
1820.0,3,5,train,fastest,79959.43,6278.97,28.5,4.3,50.13
332.7,3,4,taxi,comfort,58260.64,3792.56,6.0,4.8,75.33
1987.8,2,3,taxi,comfort,62126.1,15107.13,33.6,4.8,70.95
1883.4,5,3,bike,budget,75377.38,15067.25,34.7,3.8,69.43
1709.7,1,4,central_bus,balanced,13523.84,1624.24,43.2,3.5,63.01
115.7,1,2,car,comfort,57858.82,254.54,2.4,4.5,74.15
748.4,3,2,taxi,fastest,68810.45,8531.92,13.0,4.8,48.46
653.6,2,2,taxi,fastest,76578.4,4967.18,11.4,4.8,46.8
883.5,4,6,central_bus,fastest,20822.7,3357.39,22.6,3.5,38.93
237.7,2,5,intercity_bus,fastest,42794.68,689.37,5.3,4.1,45.85
2250.6,1,5,car,comfort,56041.61,4951.3,38.0,4.5,73.16
1342.5,4,5,intercity_bus,fastest,23560.08,7786.57,27.4,4.1,41.62
754.1,2,5,intercity_bus,comfort,50035.46,2186.87,15.6,4.1,71.58
970.8,1,4,intercity_bus,balanced,24318.41,1407.73,19.9,4.1,66.9
1089.9,3,4,central_bus,fastest,30009.28,3106.13,27.7,3.5,39.47
1453.4,2,2,intercity_bus,balanced,38113.9,4214.88,29.6,4.1,66.34
1252.2,3,4,train,comfort,44689.26,4319.95,19.8,4.3,69.38
2209.0,2,5,taxi,budget,38702.44,16788.09,37.3,4.8,60.08
1207.8,4,4,intercity_bus,balanced,41989.66,7005.26,24.7,4.1,62.5
2381.4,4,3,central_bus,fastest,27394.16,9049.38,60.0,3.5,37.95
2047.9,3,3,train,budget,16922.38,7065.18,32.0,4.3,62.28
524.2,1,4,train,balanced,8551.25,602.8,8.6,4.3,68.4
2235.5,4,5,train,comfort,19698.4,10283.35,34.9,4.3,62.81
305.8,3,6,flight,comfort,48645.77,4036.41,2.4,4.7,96.31
1967.4,3,3,train,comfort,63958.66,6787.38,30.8,4.3,68.67
932.1,2,5,car,balanced,17693.57,4101.14,16.0,4.5,62.49
2110.8,5,4,train,comfort,13141.65,12137.1,33.0,4.3,58.86
2087.3,3,6,train,balanced,61196.78,7201.17,32.6,4.3,68.76
1940.0,1,4,train,fastest,27886.87,2231.05,30.3,4.3,48.77
1902.4,2,4,train,fastest,76362.46,4375.46,29.8,4.3,46.05
752.1,5,4,flight,balanced,58573.85,16545.97,3.6,4.7,88.11
221.8,1,5,taxi,balanced,29506.7,842.76,4.2,4.8,70.84
985.1,6,7,central_bus,budget,26715.71,5614.86,25.1,3.5,65.87
441.3,3,2,train,comfort,44277.38,1522.32,7.3,4.3,73.13
1677.0,3,2,train,fastest,10935.85,5785.77,26.3,4.3,41.63
850.3,2,7,intercity_bus,fastest,13825.74,2465.74,17.5,4.1,43.41
2342.2,1,4,car,budget,18189.34,5152.83,39.5,4.5,66.5
1549.1,6,4,train,balanced,63104.27,10688.82,24.3,4.3,63.94
1979.3,2,4,flight,balanced,43539.3,17417.65,7.2,4.7,84.55
344.1,4,2,intercity_bus,budget,5792.53,1995.68,7.4,4.1,62.67
2073.0,2,5,train,comfort,55513.74,4767.84,32.4,4.3,67.58
2216.9,1,5,intercity_bus,balanced,36776.76,3214.56,44.8,4.1,66.94
1184.3,1,3,train,balanced,43313.93,1361.99,18.7,4.3,69.21
1466.8,2,3,flight,comfort,21058.72,12908.01,5.7,4.7,88.25
1842.6,8,6,train,comfort,46383.67,16951.91,28.8,4.3,64.19
444.4,2,2,flight,budget,78436.49,3910.43,2.8,4.7,94.37
1221.1,2,6,train,budget,10508.35,2808.49,19.3,4.3,67.5
974.8,2,3,car,budget,26293.8,4289.26,16.7,4.5,72.35
376.9,2,4,train,balanced,23224.82,866.88,6.3,4.3,71.31
901.1,2,7,taxi,budget,23641.2,6848.03,15.5,4.8,64.27
191.6,5,5,flight,balanced,33402.98,4214.5,2.0,4.7,95.16
91.2,2,4,bike,fastest,66358.23,291.76,2.2,3.8,45.77
350.3,2,5,intercity_bus,comfort,73464.4,1016.0,7.5,4.1,70.8
2312.6,1,3,flight,comfort,20166.13,10175.36,8.1,4.7,89.54
1332.4,8,3,intercity_bus,fastest,45721.25,15455.67,27.1,4.1,41.37
2319.0,1,10,train,budget,52767.42,2666.85,36.2,4.3,75.86
1055.0,1,5,intercity_bus,balanced,44137.06,1529.78,21.6,4.1,67.53
769.0,3,4,train,balanced,37555.73,2653.06,12.3,4.3,71.38
1229.6,2,3,bike,balanced,19398.16,3934.58,22.9,3.8,64.09
1071.6,2,2,train,comfort,41616.45,2464.78,17.0,4.3,70.03
280.4,2,2,central_bus,budget,35091.11,532.81,7.5,3.5,72.3
1548.8,4,4,central_bus,balanced,64667.25,5885.28,39.2,3.5,63.42
542.0,1,5,intercity_bus,balanced,62270.33,785.92,11.3,4.1,68.71
1498.4,4,4,central_bus,balanced,15049.9,5694.01,38.0,3.5,53.31
1571.0,3,6,train,fastest,11638.93,5419.87,24.7,4.3,43.88
390.3,2,2,central_bus,balanced,73111.55,741.57,10.3,3.5,67.89
175.4,2,3,train,fastest,45163.13,403.42,3.2,4.3,49.14
1880.4,2,3,car,balanced,69335.07,8273.78,31.8,4.5,68.13
1119.7,4,4,flight,balanced,9361.33,19707.2,4.7,4.7,59.4
167.8,2,2,bike,balanced,44488.67,537.11,3.6,3.8,68.18
2387.8,2,7,train,fastest,45456.99,5492.02,37.2,4.3,49.99
166.9,2,3,train,balanced,69552.65,383.96,3.1,4.3,71.84
1677.2,8,7,train,budget,12320.75,15430.55,26.3,4.3,30.87
2361.3,2,4,train,balanced,23033.42,5431.03,36.8,4.3,63.76
596.9,6,10,train,fastest,35490.37,4118.31,9.7,4.3,47.21
367.1,2,4,central_bus,fastest,69938.11,697.55,9.7,3.5,38.18
317.7,1,7,train,budget,75416.25,365.33,5.4,4.3,79.71
748.8,1,2,intercity_bus,comfort,79454.35,1085.71,15.5,4.1,68.71
269.5,2,5,taxi,budget,76939.51,2048.04,5.0,4.8,81.62
1670.4,1,7,central_bus,budget,5445.63,1586.9,42.3,3.5,62.79
177.6,1,2,intercity_bus,fastest,8578.13,257.57,4.1,4.1,42.0
1237.3,5,2,intercity_bus,balanced,16070.51,8970.65,25.2,4.1,50.69
2392.2,4,4,intercity_bus,balanced,31164.66,13874.59,48.3,4.1,52.8
1959.1,3,7,train,comfort,67243.85,6758.93,30.6,4.3,68.51
1488.1,1,4,central_bus,comfort,71949.21,1413.67,37.7,3.5,61.31
755.8,1,4,intercity_bus,comfort,19012.58,1095.94,15.6,4.1,68.92
1508.6,1,2,taxi,comfort,51474.81,5732.81,25.6,4.8,76.2
1279.1,3,2,flight,budget,73802.15,16883.97,5.2,4.7,86.69
1039.8,6,6,central_bus,budget,39779.88,5926.96,26.5,3.5,70.78
339.8,2,2,intercity_bus,balanced,12765.77,985.37,7.3,4.1,67.59
2131.3,1,4,train,budget,39336.02,2450.94,33.3,4.3,77.35
1096.0,2,7,flight,balanced,33184.62,9644.71,4.6,4.7,87.97
491.3,2,3,intercity_bus,balanced,48324.35,1424.64,10.3,4.1,64.93
901.6,2,5,train,balanced,37899.4,2073.66,14.4,4.3,69.72
1011.5,3,2,train,balanced,6300.94,3489.63,16.1,4.3,50.52
1991.3,3,4,train,fastest,79549.83,6869.86,31.1,4.3,48.62
1768.7,1,3,flight,balanced,45765.52,7782.13,6.6,4.7,90.93
1853.3,1,5,train,budget,40522.31,2131.24,29.0,4.3,77.73
56.1,8,3,intercity_bus,budget,76596.3,651.27,1.6,4.1,76.37
1016.3,1,4,intercity_bus,budget,16689.53,1473.61,20.8,4.1,76.17
1170.8,1,4,central_bus,budget,19192.82,1112.25,29.8,3.5,75.33
75.5,1,3,taxi,fastest,65601.11,286.85,1.8,4.8,48.68
645.8,1,5,taxi,comfort,24562.33,2453.88,11.3,4.8,73.27
1831.9,2,3,intercity_bus,comfort,64942.03,5312.47,37.1,4.1,66.58
355.0,4,5,train,balanced,25365.01,1632.77,6.0,4.3,69.55
1298.7,2,3,intercity_bus,balanced,7489.07,3766.19,26.5,4.1,50.95
540.0,2,5,central_bus,budget,43776.1,1026.05,14.0,3.5,76.77
58.7,3,2,central_bus,budget,19751.48,167.37,2.0,3.5,73.62
601.6,2,4,central_bus,comfort,61838.47,1143.13,15.5,3.5,61.85
2342.8,4,3,train,comfort,53089.97,10776.98,36.5,4.3,71.49
1929.6,4,5,central_bus,budget,74270.2,7332.64,48.7,3.5,73.01
2304.2,1,3,train,balanced,63724.13,2649.83,35.9,4.3,70.27
1186.2,4,6,flight,fastest,18558.2,20877.37,4.9,4.7,90.38
290.1,2,6,train,fastest,65011.87,667.17,5.0,4.3,44.14
1328.7,8,3,flight,comfort,53130.28,46768.97,5.3,4.7,81.37
1106.9,2,4,train,comfort,55171.37,2545.81,17.5,4.3,70.55
2031.1,8,2,intercity_bus,comfort,67419.72,23561.06,41.1,4.1,65.02
262.5,4,3,flight,fastest,48036.81,4619.22,2.2,4.7,97.75
1187.1,1,5,train,fastest,39950.26,1365.2,18.8,4.3,46.1
385.6,2,5,flight,budget,52748.08,3393.41,2.6,4.7,95.68
799.5,8,4,central_bus,balanced,27346.81,6076.06,20.5,3.5,58.55
1777.5,4,3,central_bus,comfort,18694.78,6754.64,44.9,3.5,59.26
1158.2,1,3,intercity_bus,budget,51244.09,1679.34,23.7,4.1,75.87
920.9,3,2,intercity_bus,fastest,22538.63,4005.72,18.9,4.1,42.81
964.9,2,5,central_bus,budget,10993.63,1833.33,24.6,3.5,68.21
1118.9,1,4,intercity_bus,fastest,5041.56,1622.39,22.9,4.1,43.14
1890.5,2,5,central_bus,balanced,50623.96,3591.93,47.8,3.5,63.66
2144.2,1,3,intercity_bus,fastest,32161.16,3109.15,43.4,4.1,43.74
2294.1,4,3,train,budget,61423.32,10553.06,35.8,4.3,72.48
1895.0,2,3,train,balanced,33138.23,4358.41,29.7,4.3,67.69
777.5,4,2,train,fastest,41450.26,3576.57,12.5,4.3,48.21
1660.9,1,3,train,comfort,35531.37,1910.01,26.1,4.3,71.35
1067.1,2,6,flight,fastest,53793.11,9390.65,4.5,4.7,95.03
633.6,1,6,flight,balanced,31710.44,2787.71,3.3,4.7,93.5
2022.9,1,4,train,budget,77282.57,2326.3,31.6,4.3,78.85
121.1,1,4,car,balanced,75211.02,266.35,2.5,4.5,71.89
2167.2,1,2,intercity_bus,budget,68602.09,3142.41,43.8,4.1,76.55
1123.7,2,6,car,fastest,74022.52,4944.29,19.2,4.5,46.65
1540.2,2,2,flight,fastest,38685.48,13553.47,5.9,4.7,91.62
1592.7,2,7,flight,balanced,45232.28,14015.49,6.1,4.7,87.26
2151.4,2,4,train,comfort,60656.94,4948.29,33.6,4.3,70.89
1538.9,5,3,train,fastest,57210.94,8848.72,24.2,4.3,47.7
1485.0,5,7,train,comfort,71800.89,8538.88,23.3,4.3,70.06
188.0,2,2,flight,comfort,58724.83,1654.09,2.0,4.7,92.77
1258.6,2,4,train,balanced,79841.35,2894.84,19.9,4.3,69.66
385.9,1,4,flight,fastest,31137.93,1697.96,2.6,4.7,96.55
1777.7,6,3,train,comfort,67474.83,12266.25,27.8,4.3,70.23
1244.0,1,4,flight,fastest,57322.61,5473.45,5.1,4.7,93.34
1642.1,2,5,train,budget,56853.98,3776.92,25.8,4.3,77.05
128.8,2,5,train,comfort,29437.67,296.16,2.5,4.3,72.46
231.0,2,2,train,balanced,63920.13,531.2,4.1,4.3,70.19
1727.7,1,7,intercity_bus,balanced,72528.2,2505.15,35.1,4.1,68.49
200.8,4,3,train,comfort,21391.13,923.86,3.6,4.3,70.25
198.9,1,3,flight,fastest,51912.26,875.07,2.1,4.7,96.14
58.7,3,3,train,budget,34410.11,202.5,1.4,4.3,79.41
2296.9,1,2,intercity_bus,budget,79216.11,3330.52,46.4,4.1,75.89
1777.9,1,2,taxi,balanced,40912.46,6756.0,30.1,4.8,67.79
867.2,5,10,train,balanced,22124.01,4986.43,13.8,4.3,62.48
732.8,1,3,car,fastest,33639.32,1612.14,12.7,4.5,45.45
858.8,4,2,bike,balanced,54037.88,5496.3,16.1,3.8,68.21
1865.9,2,2,train,fastest,10706.7,4291.64,29.2,4.3,45.18
1597.4,1,5,train,comfort,50270.14,1837.07,25.1,4.3,68.5
468.9,6,6,intercity_bus,budget,74841.86,4079.55,9.9,4.1,75.18
442.6,1,3,flight,comfort,68777.21,1947.61,2.8,4.7,95.74
263.2,4,2,central_bus,balanced,10075.52,1000.15,7.1,3.5,63.94
1594.9,1,3,central_bus,budget,79504.24,1515.17,40.4,3.5,74.1
1841.6,4,2,flight,budget,57404.52,32411.51,6.8,4.7,70.91
658.2,1,2,train,comfort,17171.06,756.88,10.6,4.3,72.42
79.6,2,4,taxi,fastest,5931.21,605.26,1.8,4.8,47.59
224.7,4,3,flight,budget,17846.2,3955.54,2.1,4.7,88.35
2323.8,6,4,central_bus,fastest,67863.19,13245.82,58.6,3.5,40.58
730.2,5,3,taxi,comfort,6622.95,13873.88,12.7,4.8,61.66
1853.1,4,7,flight,comfort,22486.05,32613.84,6.8,4.7,83.14
1510.5,5,7,train,fastest,61797.92,8685.1,23.7,4.3,47.99
935.2,1,4,intercity_bus,comfort,48958.29,1356.04,19.2,4.1,67.29
517.5,2,3,intercity_bus,budget,63705.18,1500.69,10.8,4.1,78.83
317.7,2,3,train,comfort,60961.29,730.68,5.4,4.3,70.67
1487.6,2,4,car,comfort,8795.1,6545.36,25.3,4.5,62.88
1865.9,2,5,train,budget,71938.36,4291.53,29.2,4.3,78.05
1556.1,2,4,central_bus,fastest,22027.39,2956.5,39.4,3.5,38.44
1286.8,1,6,intercity_bus,comfort,46504.43,1865.88,26.2,4.1,68.19
129.4,3,7,train,fastest,53321.61,446.51,2.5,4.3,48.06
2325.3,1,3,car,budget,17647.12,5115.7,39.3,4.5,65.28
1923.0,2,4,taxi,fastest,78217.34,14614.44,32.5,4.8,46.49
724.0,2,2,intercity_bus,fastest,41611.7,2099.57,15.0,4.1,45.48
2352.5,4,3,train,balanced,9323.2,10821.64,36.7,4.3,36.43
1456.5,3,4,train,balanced,75294.65,5024.78,22.9,4.3,69.47
1410.3,3,3,intercity_bus,comfort,48970.09,6134.99,28.7,4.1,69.17
1802.9,1,6,train,balanced,57439.49,2073.37,28.2,4.3,70.92
1953.9,2,3,intercity_bus,balanced,44388.18,5666.29,39.6,4.1,65.42
1585.9,1,4,bike,balanced,67605.35,2537.37,29.3,3.8,66.36
333.6,2,4,central_bus,fastest,7485.01,633.82,8.8,3.5,42.02
831.7,2,5,taxi,fastest,25128.38,6320.87,14.4,4.8,45.87
2229.6,1,3,central_bus,balanced,40223.63,2118.08,56.2,3.5,67.01
562.3,2,6,intercity_bus,budget,10745.27,1630.78,11.7,4.1,71.54
912.0,6,4,taxi,balanced,57943.0,20794.42,15.7,4.8,57.26
1054.0,6,4,intercity_bus,budget,34524.76,9169.99,21.6,4.1,63.23
1071.4,2,2,taxi,fastest,25450.1,8142.56,18.4,4.8,45.79
1482.7,1,4,train,budget,5253.41,1705.07,23.3,4.3,63.23
2265.1,1,6,train,fastest,58987.27,2604.85,35.3,4.3,47.96
600.4,2,4,taxi,budget,67535.7,4563.36,10.5,4.8,77.82
318.0,6,6,central_bus,fastest,34628.04,1812.36,8.4,3.5,41.08
498.0,1,4,taxi,fastest,47316.35,1892.42,8.8,4.8,47.34
2132.0,4,2,car,balanced,22076.5,18761.71,36.0,4.5,40.6
1560.6,1,2,train,comfort,51664.82,1794.66,24.5,4.3,71.3
707.6,8,3,intercity_bus,comfort,5910.31,8208.15,14.7,4.1,53.09
1963.8,2,5,intercity_bus,fastest,41648.29,5695.0,39.8,4.1,42.85
2071.4,4,5,central_bus,balanced,53315.41,7871.5,52.3,3.5,61.28
2036.2,2,3,flight,comfort,73864.38,17918.9,7.3,4.7,91.82
2207.9,3,4,train,comfort,33600.19,7617.1,34.5,4.3,69.83
627.8,1,4,central_bus,balanced,62389.27,596.42,16.2,3.5,66.4
1819.4,1,4,flight,balanced,49826.53,8005.58,6.7,4.7,93.01
1121.5,6,3,train,comfort,74525.91,7738.2,17.8,4.3,72.59
2025.5,5,2,flight,comfort,34878.33,44561.8,7.3,4.7,82.08
1756.5,5,3,central_bus,budget,28932.15,8343.48,44.4,3.5,63.67
1870.2,3,2,car,budget,71535.65,12343.19,31.7,4.5,72.29
1585.1,4,3,train,fastest,8693.33,7291.48,24.9,4.3,40.65
450.5,1,2,train,comfort,15228.9,518.08,7.4,4.3,71.47
1321.7,2,4,intercity_bus,balanced,11180.33,3832.97,26.9,4.1,59.06
2363.7,2,3,train,balanced,68233.25,5436.43,36.9,4.3,69.6
2251.6,3,10,bike,comfort,5795.56,10807.73,41.4,3.8,51.09
132.3,2,3,train,fastest,69624.29,304.34,2.5,4.3,49.04
420.6,1,3,flight,balanced,38845.08,1850.69,2.7,4.7,95.57
342.2,2,3,intercity_bus,comfort,5301.9,992.37,7.3,4.1,66.01
1750.6,4,2,intercity_bus,comfort,35123.39,10153.32,35.5,4.1,63.92
1968.2,2,6,train,fastest,19010.06,4526.75,30.8,4.3,45.61
536.0,1,2,central_bus,comfort,51830.04,509.22,13.9,3.5,64.2
1228.9,1,7,central_bus,balanced,55951.91,1167.43,31.2,3.5,67.53
2022.5,1,6,train,budget,41564.57,2325.84,31.6,4.3,78.05
1766.7,2,4,car,fastest,8038.96,7773.65,29.9,4.5,38.52
1315.1,3,4,train,comfort,54209.66,4537.1,20.7,4.3,72.49
1429.1,3,5,intercity_bus,fastest,68152.91,6216.69,29.1,4.1,43.63
1234.8,3,3,intercity_bus,comfort,59024.32,5371.44,25.2,4.1,65.93
735.2,2,4,train,budget,67246.84,1690.94,11.8,4.3,81.01
1369.1,4,2,car,fastest,20038.21,12048.1,23.3,4.5,40.48
1662.7,1,2,intercity_bus,comfort,71666.6,2410.85,33.8,4.1,67.43
2099.8,2,4,train,budget,29164.51,4829.48,32.8,4.3,69.34
1538.0,4,4,intercity_bus,balanced,6005.36,8920.46,31.3,4.1,35.44
1833.9,1,6,central_bus,comfort,68254.37,1742.17,46.3,3.5,60.04
409.4,1,2,intercity_bus,budget,75636.6,593.59,8.7,4.1,77.54
1123.9,5,6,central_bus,budget,54166.86,5338.48,28.6,3.5,73.24
52.1,2,3,train,fastest,22357.75,119.87,1.3,4.3,48.77
614.6,3,3,train,comfort,23880.83,2120.47,10.0,4.3,69.53
1751.7,1,3,flight,balanced,39994.47,7707.54,6.5,4.7,90.15
2380.6,3,4,train,comfort,72337.33,8213.03,37.1,4.3,68.83
265.1,2,3,taxi,budget,16219.82,2014.4,4.9,4.8,74.0
981.5,1,4,train,balanced,66948.03,1128.77,15.6,4.3,71.28
1926.2,3,6,taxi,budget,26847.71,21958.32,32.6,4.8,39.38
513.6,1,4,intercity_bus,fastest,65643.96,744.67,10.8,4.1,44.29
1345.6,2,4,central_bus,comfort,74020.34,2556.55,34.1,3.5,60.14
1767.4,1,6,train,budget,37062.04,2032.49,27.7,4.3,79.27
1489.9,1,5,train,budget,32378.8,1713.37,23.4,4.3,78.43
475.6,2,4,train,comfort,65166.6,1093.92,7.8,4.3,72.78
872.3,1,3,train,balanced,44711.22,1003.1,13.9,4.3,72.62
1887.6,5,6,train,budget,56333.68,10853.62,29.5,4.3,69.44
1343.5,1,4,intercity_bus,comfort,51712.19,1948.1,27.4,4.1,67.87
42.4,2,3,central_bus,fastest,16466.66,80.55,1.6,3.5,38.97
1833.5,1,3,flight,fastest,68359.28,8067.61,6.7,4.7,100.0
113.7,2,6,central_bus,comfort,19683.13,216.01,3.3,3.5,62.47
1797.4,6,2,central_bus,budget,74921.16,10245.12,45.4,3.5,72.01
509.9,1,10,intercity_bus,comfort,23792.85,739.32,10.7,4.1,66.65
2300.6,6,2,intercity_bus,comfort,60041.07,20015.52,46.5,4.1,65.47
902.0,1,5,intercity_bus,budget,26349.15,1307.93,18.5,4.1,79.36
804.8,3,3,taxi,balanced,28833.91,9175.04,13.9,4.8,61.32
382.9,2,4,train,balanced,28250.14,880.59,6.4,4.3,68.86
754.3,5,6,train,fastest,61091.92,4337.12,12.1,4.3,46.82
2107.7,2,4,central_bus,balanced,46761.13,4004.56,53.2,3.5,60.59
2391.3,2,4,train,comfort,71221.43,5500.02,37.3,4.3,70.63
902.9,1,2,taxi,budget,28052.95,3431.0,15.5,4.8,76.15
1093.2,1,2,taxi,fastest,56899.44,4154.19,18.7,4.8,47.1
1741.3,5,3,train,balanced,61471.14,10012.52,27.3,4.3,65.34
2130.3,2,5,train,comfort,16361.16,4899.65,33.3,4.3,68.14
1435.5,2,2,intercity_bus,fastest,35044.2,4162.99,29.2,4.1,44.49
957.9,4,2,central_bus,budget,41211.31,3640.08,24.4,3.5,70.38
1007.9,2,4,train,balanced,31676.55,2318.2,16.0,4.3,69.04
1678.6,6,4,flight,comfort,29158.44,44315.44,6.3,4.7,84.45
37.6,3,5,central_bus,budget,56481.49,107.24,1.4,3.5,75.19
1498.4,2,3,train,comfort,21189.98,3446.38,23.6,4.3,69.28
872.5,5,2,train,comfort,58204.31,5016.98,13.9,4.3,73.46
1912.2,1,7,flight,comfort,75128.31,8413.89,7.0,4.7,95.78
250.4,2,3,train,budget,47389.81,575.89,4.4,4.3,78.94
1424.0,2,6,taxi,fastest,50857.57,10822.7,24.2,4.8,46.07
1169.9,1,6,intercity_bus,comfort,10169.95,1696.36,23.9,4.1,66.47
1552.3,3,5,central_bus,fastest,69835.77,4424.09,39.3,3.5,40.1
183.7,5,3,taxi,fastest,26408.58,3490.36,3.6,4.8,46.45
1404.6,2,6,taxi,balanced,51128.84,10674.67,23.9,4.8,64.82
1360.7,2,5,intercity_bus,balanced,78433.41,3946.08,27.7,4.1,67.99
1358.8,6,4,train,fastest,49662.7,9375.47,21.4,4.3,44.73
1460.3,2,3,flight,balanced,59353.21,12850.34,5.7,4.7,87.61
1633.2,2,3,intercity_bus,balanced,38398.97,4736.36,33.2,4.1,65.21
1937.8,2,2,train,fastest,9527.44,4457.0,30.3,4.3,45.64
669.5,5,4,car,budget,64819.95,7364.23,11.7,4.5,74.87
1985.4,2,4,train,balanced,7624.91,4566.34,31.0,4.3,50.02
1210.9,4,3,train,balanced,57549.34,5569.98,19.1,4.3,69.22
212.6,4,4,train,budget,6719.12,978.09,3.8,4.3,72.8
168.8,2,3,central_bus,budget,69672.89,320.65,4.7,3.5,79.86
822.1,2,4,central_bus,budget,16822.7,1562.08,21.1,3.5,72.64
1890.2,4,7,train,fastest,43570.36,8694.95,29.6,4.3,46.8
1707.2,2,3,train,budget,49786.3,3926.57,26.8,4.3,75.24
1899.0,4,3,train,fastest,39315.91,8735.48,29.7,4.3,46.28
1255.9,6,2,central_bus,comfort,30557.26,7158.79,31.9,3.5,59.76
1073.3,3,4,train,comfort,40086.07,3702.79,17.0,4.3,70.37
379.5,3,5,car,budget,28356.18,2504.45,6.8,4.5,75.26
807.8,4,7,train,budget,37859.18,3715.96,12.9,4.3,74.45
1058.6,4,3,bike,comfort,31918.47,6775.21,19.7,3.8,63.87
240.0,2,7,train,fastest,47465.36,551.96,4.2,4.3,48.57
552.9,1,2,flight,fastest,22844.31,2432.54,3.1,4.7,96.14
1447.8,2,4,train,budget,79149.24,3329.93,22.8,4.3,78.64
1773.5,3,2,train,budget,42565.25,6118.65,27.8,4.3,73.07
2396.1,2,6,taxi,budget,19562.16,18210.24,40.4,4.8,34.63
2241.5,3,4,taxi,comfort,40780.01,25552.86,37.9,4.8,66.29
1552.9,2,5,intercity_bus,balanced,69981.13,4503.35,31.6,4.1,67.36
1028.4,3,6,flight,budget,6635.51,13574.32,4.4,4.7,51.45
1537.7,1,3,central_bus,fastest,55966.56,1460.85,38.9,3.5,42.06
1892.0,3,2,taxi,balanced,46097.58,21568.74,32.0,4.8,57.13
310.5,2,6,train,fastest,17716.85,714.05,5.3,4.3,48.0
1001.5,1,3,intercity_bus,balanced,66310.73,1452.14,20.5,4.1,68.43
2020.3,2,2,intercity_bus,comfort,32666.35,5858.96,40.9,4.1,68.22
939.7,3,4,intercity_bus,balanced,27035.15,4087.63,19.3,4.1,63.86
1385.3,2,4,taxi,fastest,67109.39,10528.56,23.6,4.8,47.9
1423.0,1,2,train,balanced,52889.38,1636.47,22.4,4.3,69.89
467.2,6,3,train,comfort,72369.43,3223.74,7.7,4.3,69.73
888.5,3,2,central_bus,fastest,52241.28,2532.22,22.7,3.5,41.92
822.8,6,4,central_bus,budget,60561.32,4689.91,21.1,3.5,71.76
92.1,2,6,train,balanced,67733.44,211.8,1.9,4.3,72.17
87.3,2,10,intercity_bus,fastest,9105.47,253.27,2.2,4.1,42.7
2001.1,5,4,car,balanced,63203.67,22012.34,33.9,4.5,58.97
677.2,2,3,train,comfort,51027.99,1557.51,10.9,4.3,69.24
1257.8,3,7,central_bus,fastest,10213.08,3584.86,31.9,3.5,42.58
738.0,2,4,flight,budget,43143.34,6494.22,3.6,4.7,87.39
2259.4,2,3,intercity_bus,budget,11184.36,6552.29,45.7,4.1,49.78
644.5,1,7,car,balanced,60196.04,1417.97,11.2,4.5,72.53
1048.3,1,5,flight,comfort,45987.63,4612.46,4.5,4.7,95.85
2098.4,1,5,intercity_bus,comfort,76518.02,3042.64,42.5,4.1,69.65
2025.4,1,5,central_bus,balanced,18735.15,1924.11,51.1,3.5,62.86
471.1,8,3,central_bus,fastest,50452.51,3580.06,12.3,3.5,43.17
1932.3,1,3,central_bus,fastest,20868.66,1835.65,48.8,3.5,42.35
1115.9,3,5,taxi,balanced,51054.87,12721.29,19.1,4.8,64.14
1174.6,4,3,intercity_bus,fastest,59198.73,6812.89,24.0,4.1,43.98
346.3,2,4,train,fastest,59172.82,796.6,5.8,4.3,47.15
221.0,1,5,train,fastest,66130.55,254.18,3.9,4.3,46.34
1755.2,3,5,train,balanced,69016.27,6055.5,27.5,4.3,70.26
1206.6,3,4,train,budget,10795.38,4162.81,19.1,4.3,63.0
1065.3,3,5,taxi,comfort,30745.04,12144.83,18.3,4.8,68.73
1758.9,4,6,central_bus,budget,56534.19,6683.95,44.5,3.5,71.14
1844.3,8,5,central_bus,fastest,42393.97,14016.42,46.6,3.5,38.34
406.6,2,3,central_bus,balanced,19300.7,772.56,10.7,3.5,65.48
1476.2,2,3,taxi,comfort,46453.22,11219.38,25.1,4.8,72.46
350.8,3,3,intercity_bus,fastest,35557.67,1525.93,7.5,4.1,45.76
1810.8,1,2,taxi,comfort,34252.87,6880.88,30.7,4.8,71.85
1587.0,5,3,intercity_bus,comfort,65731.53,11505.63,32.2,4.1,65.08
2297.2,1,3,car,budget,35569.88,5053.79,38.8,4.5,75.18
193.4,2,4,central_bus,fastest,6984.09,367.52,5.3,3.5,40.64
165.2,4,7,train,comfort,9354.75,760.01,3.0,4.3,68.73
698.8,2,2,central_bus,budget,69218.3,1327.69,18.0,3.5,75.6
650.2,2,5,intercity_bus,balanced,77045.06,1885.7,13.5,4.1,68.23
615.3,2,5,train,comfort,56630.7,1415.28,10.0,4.3,73.8
2177.8,4,2,central_bus,fastest,32327.62,8275.73,54.9,3.5,40.68
621.4,2,7,train,balanced,75395.02,1429.28,10.1,4.3,72.53
674.5,4,4,train,comfort,54710.23,3102.8,10.9,4.3,72.22
1829.8,1,3,car,comfort,68325.02,4025.5,31.0,4.5,73.82
1095.9,4,5,central_bus,fastest,62438.92,4164.36,27.9,3.5,40.16
1870.8,4,3,taxi,comfort,33435.45,28436.22,31.7,4.8,62.93
184.9,1,5,central_bus,fastest,40902.67,175.67,5.1,3.5,40.33
1185.5,2,2,intercity_bus,fastest,18959.91,3438.08,24.2,4.1,42.64
109.7,1,6,intercity_bus,fastest,26901.06,159.01,2.7,4.1,45.74
178.5,3,4,central_bus,fastest,63359.42,508.69,5.0,3.5,41.98
2178.3,2,4,bike,comfort,72048.38,6970.42,40.1,3.8,67.14
360.0,3,3,train,balanced,59334.53,1242.04,6.0,4.3,69.03
1291.8,1,5,taxi,balanced,39888.03,4908.98,22.0,4.8,68.99
1004.3,1,5,car,budget,11488.2,2209.45,17.2,4.5,68.94
853.2,1,4,central_bus,fastest,9271.1,810.54,21.8,3.5,41.12
2162.6,2,4,car,comfort,33074.42,9515.46,36.5,4.5,70.08
81.7,2,4,intercity_bus,comfort,39786.63,236.99,2.1,4.1,68.56
1603.2,4,6,car,budget,50684.05,14108.0,27.2,4.5,67.34
2313.2,3,4,flight,balanced,5486.71,30534.83,8.1,4.7,60.66
1357.6,2,6,train,comfort,79229.22,3122.48,21.4,4.3,68.76
2250.3,6,6,car,budget,32295.42,29703.55,38.0,4.5,35.28
153.9,3,4,intercity_bus,balanced,68607.1,669.25,3.6,4.1,71.86
1022.5,6,3,intercity_bus,comfort,45122.5,8896.1,21.0,4.1,64.52
646.6,2,4,central_bus,fastest,14782.96,1228.49,16.7,3.5,42.86
1762.0,2,6,train,budget,64817.42,4052.71,27.6,4.3,77.25
2355.7,1,3,intercity_bus,comfort,58237.03,3415.73,47.6,4.1,66.09
638.0,3,4,taxi,budget,44557.71,7272.93,11.1,4.8,71.17
1580.4,1,6,train,budget,43591.48,1817.45,24.8,4.3,78.25
499.5,2,3,train,budget,11560.97,1148.83,8.2,4.3,74.74
1369.8,2,4,train,fastest,54188.67,3150.62,21.6,4.3,45.19
1129.5,2,3,intercity_bus,balanced,73343.39,3275.61,23.1,4.1,65.48
2333.7,3,2,flight,balanced,11993.37,30804.21,8.2,4.7,60.83
1472.2,1,5,flight,comfort,24763.36,6477.72,5.7,4.7,92.17
858.3,2,2,car,fastest,72673.1,3776.65,14.8,4.5,46.76
300.4,3,3,central_bus,balanced,26325.79,856.16,8.0,3.5,65.04
388.5,6,6,train,comfort,54045.78,2680.34,6.5,4.3,71.4
564.0,3,3,car,comfort,45111.36,3722.41,9.9,4.5,73.61
624.8,6,10,flight,budget,49724.57,16494.48,3.3,4.7,81.41
2046.0,4,10,central_bus,fastest,36184.17,7774.65,51.6,3.5,39.53
1360.1,2,3,central_bus,balanced,27499.36,2584.19,34.5,3.5,65.03
1270.4,1,2,car,fastest,8640.01,2794.96,21.7,4.5,42.61
302.0,3,5,flight,fastest,60821.07,3986.43,2.4,4.7,96.41
2068.5,3,4,intercity_bus,balanced,60957.01,8998.11,41.9,4.1,64.12
1743.1,3,2,flight,balanced,55304.43,23008.52,6.5,4.7,80.68
190.4,2,5,train,fastest,53272.53,437.86,3.4,4.3,47.03
1707.6,2,2,intercity_bus,comfort,23278.78,4951.95,34.7,4.1,62.67
1318.2,2,6,intercity_bus,fastest,6675.87,3822.74,26.9,4.1,41.91
223.7,2,2,train,balanced,65653.65,514.48,3.9,4.3,69.79
1116.2,1,2,train,fastest,41835.39,1283.6,17.7,4.3,49.82
1178.7,4,3,train,balanced,28012.86,5422.16,18.6,4.3,64.75
422.9,1,7,central_bus,comfort,12644.89,401.74,11.1,3.5,63.23
2271.3,1,5,flight,fastest,9704.12,9993.74,8.0,4.7,86.67
2044.4,2,6,bike,comfort,31165.0,6542.21,37.7,3.8,63.79
1615.6,3,3,train,fastest,65355.28,5573.76,25.4,4.3,47.87
1125.6,2,3,central_bus,fastest,73904.28,2138.72,28.6,3.5,42.56
1005.9,2,3,car,balanced,72256.35,4425.89,17.3,4.5,70.66
1572.8,2,4,train,budget,74000.06,3617.46,24.7,4.3,77.32
1322.7,2,4,flight,balanced,73079.4,11639.53,5.3,4.7,90.81
177.6,6,4,flight,fastest,44541.86,4688.3,2.0,4.7,93.96
1244.6,6,3,train,budget,21456.17,8587.96,19.6,4.3,61.09
1941.2,2,7,taxi,budget,64853.49,14752.94,32.9,4.8,71.28
1118.4,2,3,flight,comfort,21028.47,9841.91,4.7,4.7,91.2
153.1,3,7,train,fastest,25040.55,528.32,2.9,4.3,47.99
1893.5,1,2,train,balanced,22494.07,2177.5,29.6,4.3,66.93
507.2,2,4,train,budget,43623.68,1166.63,8.3,4.3,76.43
642.9,2,3,train,budget,29137.06,1478.74,10.4,4.3,79.34
420.4,6,4,intercity_bus,balanced,16561.7,3657.08,8.9,4.1,59.16
812.6,1,4,intercity_bus,balanced,38988.01,1178.28,16.8,4.1,68.02
1823.5,2,4,train,budget,70543.04,4194.05,28.6,4.3,77.01
1260.9,3,4,car,balanced,47791.46,8322.23,21.5,4.5,65.44
515.6,2,5,intercity_bus,comfort,70875.17,1495.15,10.8,4.1,68.71
2110.5,1,5,train,budget,19690.41,2427.03,33.0,4.3,74.36
2114.6,8,6,train,comfort,17523.04,19454.4,33.0,4.3,53.22
2093.3,2,3,intercity_bus,fastest,48168.28,6070.49,42.4,4.1,43.53
595.9,3,4,intercity_bus,comfort,39749.67,2592.37,12.4,4.1,64.65
1099.4,1,4,train,balanced,54512.95,1264.35,17.4,4.3,71.76
2364.4,2,3,train,budget,64597.01,5438.18,36.9,4.3,75.27
1859.7,2,4,flight,comfort,61348.05,16365.09,6.8,4.7,88.56
94.4,1,3,bike,balanced,75669.59,151.02,2.2,3.8,67.82
184.5,1,2,train,balanced,34869.23,212.22,3.3,4.3,70.4
1129.5,4,3,intercity_bus,comfort,20479.01,6551.2,23.1,4.1,65.96
2184.9,1,2,central_bus,budget,46318.45,2075.61,55.1,3.5,75.34
1306.7,1,5,flight,comfort,13305.73,5749.58,5.2,4.7,89.84
1209.8,2,5,intercity_bus,fastest,26663.83,3508.47,24.7,4.1,45.23
280.0,4,7,car,comfort,20591.6,2463.76,5.2,4.5,71.35
1586.6,1,5,central_bus,comfort,34742.28,1507.24,40.2,3.5,63.34
1978.4,2,2,intercity_bus,budget,13341.24,5737.32,40.1,4.1,58.58
931.6,1,6,central_bus,comfort,7388.13,885.02,23.8,3.5,59.13
1868.2,1,6,car,balanced,54259.55,4110.04,31.6,4.5,71.2
2315.8,1,4,flight,budget,50768.67,10189.56,8.1,4.7,85.23
512.9,4,4,train,balanced,58126.92,2359.46,8.4,4.3,71.43
1270.3,1,10,train,budget,54528.98,1460.83,20.0,4.3,76.7
710.5,1,4,intercity_bus,fastest,13572.1,1030.25,14.7,4.1,44.91
1909.1,2,7,train,fastest,26830.92,4390.85,29.9,4.3,48.9
1398.9,4,2,flight,fastest,14714.5,24620.57,5.5,4.7,87.08
1534.0,2,3,taxi,comfort,68222.93,11658.1,26.1,4.8,73.04
1921.1,2,4,flight,fastest,61017.77,16905.3,7.0,4.7,95.55
968.5,1,4,bike,budget,20114.53,1549.52,18.1,3.8,74.4
2198.8,2,6,train,fastest,30598.19,5057.16,34.3,4.3,48.82
1293.3,2,10,taxi,budget,77496.12,9828.92,22.1,4.8,74.98
404.4,2,3,flight,balanced,49561.95,3558.31,2.7,4.7,94.11
1679.3,2,2,intercity_bus,comfort,65086.67,4869.91,34.1,4.1,67.04
1910.0,2,6,flight,balanced,24844.33,16808.26,7.0,4.7,72.02
780.7,1,4,train,balanced,20753.97,897.83,12.5,4.3,69.02
2061.5,2,3,flight,fastest,63793.77,18141.33,7.4,4.7,94.03
2177.6,1,4,intercity_bus,fastest,56440.43,3157.46,44.1,4.1,43.48
686.3,4,5,train,fastest,56073.34,3156.81,11.1,4.3,46.19
2360.9,6,5,central_bus,balanced,46447.59,13457.39,59.5,3.5,59.94
363.5,8,4,central_bus,comfort,47268.38,2762.5,9.6,3.5,60.44
508.8,4,3,train,comfort,60177.31,2340.37,8.3,4.3,71.48
466.6,3,10,train,balanced,25250.19,1609.81,7.7,4.3,70.13
2148.8,3,5,intercity_bus,comfort,31457.63,9347.09,43.5,4.1,65.46
1580.7,2,4,central_bus,balanced,70372.76,3003.28,40.0,3.5,65.35
390.5,3,3,taxi,balanced,28164.89,4451.55,7.0,4.8,66.65
1073.6,2,5,car,comfort,45973.22,4723.69,18.4,4.5,72.42
1488.3,2,3,intercity_bus,budget,57697.96,4315.94,30.3,4.1,75.72
227.8,4,3,flight,budget,79994.36,4009.45,2.2,4.7,94.51
2121.3,2,4,intercity_bus,fastest,37646.85,6151.85,42.9,4.1,40.79
1934.5,2,3,flight,comfort,37106.97,17023.96,7.0,4.7,88.22
1227.3,6,4,train,fastest,68194.13,8468.65,19.4,4.3,44.78
2322.1,1,2,intercity_bus,balanced,65412.73,3367.03,46.9,4.1,66.78
1020.1,2,5,central_bus,budget,59830.69,1938.18,26.0,3.5,75.72
2362.3,5,3,train,comfort,39742.22,13583.46,36.8,4.3,67.25
1613.0,3,2,flight,comfort,29295.43,21291.21,6.1,4.7,87.57
1534.2,2,2,taxi,comfort,50654.79,11659.7,26.1,4.8,71.73
423.3,1,7,intercity_bus,budget,70716.75,613.8,9.0,4.1,79.79
2120.2,2,6,intercity_bus,fastest,71283.31,6148.49,42.9,4.1,44.37
1043.2,4,3,taxi,budget,13137.38,15855.89,17.9,4.8,32.97
414.5,2,5,flight,fastest,37126.27,3647.54,2.7,4.7,97.28
59.9,2,4,train,balanced,39854.15,137.72,1.4,4.3,69.84
1356.6,1,10,train,balanced,78321.15,1560.11,21.4,4.3,68.19
1279.9,1,3,central_bus,fastest,55849.85,1215.94,32.5,3.5,42.11
1734.9,6,5,central_bus,balanced,35543.48,9888.75,43.9,3.5,56.4
2139.9,2,2,train,balanced,6954.34,4921.8,33.4,4.3,45.23
218.2,3,3,train,comfort,47403.89,752.77,3.9,4.3,69.7
1763.6,1,7,taxi,comfort,12205.7,6701.86,29.9,4.8,67.99
474.2,3,4,central_bus,budget,67583.75,1351.37,12.4,3.5,78.55
2063.9,6,3,bike,budget,61438.9,19813.24,38.0,3.8,62.01
1971.2,2,2,flight,budget,39538.19,17346.39,7.1,4.7,76.35
1311.7,1,5,car,comfort,37190.81,2885.7,22.4,4.5,71.97
1713.3,2,4,train,budget,72300.42,3940.53,26.9,4.3,75.66
775.0,4,3,flight,budget,26634.38,13640.17,3.7,4.7,72.9
1146.7,2,7,train,comfort,23676.5,2637.34,18.1,4.3,68.53
1977.3,5,2,central_bus,fastest,75439.81,9392.08,49.9,3.5,40.64
1118.5,3,3,intercity_bus,comfort,65693.44,4865.29,22.9,4.1,67.35
878.0,5,7,train,fastest,66546.92,5048.4,14.0,4.3,48.32
1201.3,3,3,taxi,comfort,19639.54,13694.63,20.5,4.8,63.94
1993.0,1,3,taxi,budget,15747.2,7573.21,33.7,4.8,57.57
824.4,2,4,train,balanced,6952.22,1896.22,13.2,4.3,60.67
441.8,1,6,central_bus,balanced,22778.11,419.72,11.5,3.5,65.52
1717.5,5,2,intercity_bus,fastest,63064.29,12451.68,34.8,4.1,37.34
1987.6,4,7,intercity_bus,fastest,23002.88,11527.9,40.3,4.1,42.9
268.5,3,5,taxi,fastest,59682.75,3061.02,5.0,4.8,48.2
598.5,2,3,train,balanced,23893.12,1376.55,9.7,4.3,68.3
366.5,1,5,car,fastest,34646.94,806.24,6.6,4.5,45.37
854.6,4,3,train,comfort,78737.17,3931.26,13.6,4.3,70.35
1097.3,2,4,central_bus,comfort,23360.88,2084.93,27.9,3.5,62.59
1804.7,1,5,central_bus,balanced,33227.8,1714.48,45.6,3.5,62.28
1573.2,3,7,train,comfort,27581.54,5427.61,24.7,4.3,68.68
1501.6,1,2,train,fastest,13221.87,1726.84,23.6,4.3,49.09
865.1,2,4,taxi,balanced,41742.06,6574.98,14.9,4.8,65.33
2024.2,2,4,flight,fastest,33401.8,17813.23,7.3,4.7,92.19
1147.0,1,3,train,comfort,57116.53,1318.99,18.1,4.3,74.8
2350.5,8,3,intercity_bus,fastest,66319.59,27265.55,47.5,4.1,41.61
1532.9,1,2,train,balanced,45818.73,1762.85,24.1,4.3,70.31
329.2,1,5,train,fastest,7414.73,378.63,5.6,4.3,47.99
1632.5,1,4,intercity_bus,comfort,51419.18,2367.18,33.2,4.1,67.68
800.5,4,3,train,budget,9154.3,3682.28,12.8,4.3,62.15
1656.6,2,6,taxi,balanced,51226.72,12590.13,28.1,4.8,63.34
195.0,2,6,flight,fastest,56377.25,1716.44,2.1,4.7,94.16
444.5,1,4,car,balanced,19832.57,977.83,7.9,4.5,69.33
2058.1,1,3,central_bus,fastest,66450.96,1955.19,52.0,3.5,40.11
568.4,2,4,car,budget,73331.38,2501.03,10.0,4.5,78.3
2013.8,4,3,central_bus,comfort,65981.52,7652.39,50.8,3.5,60.73
691.9,5,3,central_bus,fastest,27883.19,3286.45,17.8,3.5,42.47
1553.6,1,5,bike,fastest,48998.23,2485.81,28.7,3.8,45.56
1675.1,2,2,central_bus,budget,73611.14,3182.76,42.4,3.5,75.52
1245.0,5,2,train,balanced,29049.85,7158.7,19.7,4.3,62.84
753.6,2,2,flight,comfort,66502.09,6631.56,3.7,4.7,92.72
534.0,4,3,car,fastest,5710.63,4698.91,9.4,4.5,35.79
108.7,1,2,flight,fastest,5273.5,478.1,1.8,4.7,96.66
750.4,6,10,central_bus,comfort,61978.37,4277.01,19.3,3.5,63.01
1578.0,4,3,central_bus,budget,62108.57,5996.38,39.9,3.5,72.3
2253.8,6,2,bike,balanced,64173.29,21636.31,41.5,3.8,56.51
2094.8,3,3,train,comfort,74752.01,7226.9,32.7,4.3,71.09
1845.6,2,7,central_bus,balanced,13842.97,3506.59,46.6,3.5,57.94
1898.6,6,4,train,budget,22398.87,13100.48,29.7,4.3,53.6
1606.0,2,3,central_bus,budget,72779.37,3051.43,40.7,3.5,77.04
646.9,2,6,central_bus,comfort,18292.71,1229.07,16.7,3.5,63.29
2180.1,3,3,train,fastest,56167.2,7521.18,34.0,4.3,47.54
1619.6,4,3,train,budget,44784.73,7450.32,25.4,4.3,70.06
1358.2,6,3,central_bus,budget,11239.53,7741.99,34.5,3.5,43.84
293.0,1,3,train,comfort,26394.77,337.0,5.0,4.3,72.22
1089.5,4,3,train,comfort,44027.92,5011.8,17.3,4.3,71.05
1121.0,3,5,taxi,comfort,68926.26,12779.96,19.2,4.8,73.94
2079.0,1,3,train,budget,58065.39,2390.87,32.5,4.3,78.93
1325.6,2,4,intercity_bus,balanced,51641.24,3844.11,27.0,4.1,71.03
931.5,2,2,car,budget,42202.47,4098.82,16.0,4.5,75.46
2345.0,2,3,train,comfort,27401.3,5393.54,36.6,4.3,70.29
292.4,8,4,intercity_bus,fastest,13943.37,3391.93,6.3,4.1,41.63
1031.4,3,7,central_bus,fastest,35680.7,2939.6,26.3,3.5,42.22
129.6,3,3,flight,comfort,7138.89,1710.7,1.9,4.7,93.62
1783.6,8,5,car,fastest,20829.19,31390.88,30.2,4.5,37.83
2205.8,2,3,car,budget,37436.25,9705.7,37.3,4.5,69.97
693.7,4,2,flight,balanced,36395.39,12208.92,3.5,4.7,84.03
2064.3,2,2,train,budget,8322.16,4747.82,32.3,4.3,51.06
722.6,4,3,train,comfort,49179.51,3323.76,11.6,4.3,71.15
2188.5,1,3,intercity_bus,budget,46226.32,3173.36,44.3,4.1,76.95
1816.9,6,3,train,fastest,10857.82,12536.54,28.5,4.3,38.01
1937.6,1,5,flight,budget,75737.23,8525.57,7.0,4.7,93.7
72.7,2,2,central_bus,balanced,12453.71,138.08,2.3,3.5,65.55
2311.9,4,4,train,fastest,69112.56,10634.56,36.1,4.3,44.49
1752.2,2,3,taxi,balanced,5023.23,13316.8,29.7,4.8,38.01
752.3,3,4,train,balanced,71171.08,2595.3,12.1,4.3,70.08
1995.7,2,4,intercity_bus,balanced,6478.98,5787.43,40.4,4.1,39.14
697.2,3,3,central_bus,budget,61835.9,1987.03,17.9,3.5,75.64
2098.4,1,3,intercity_bus,budget,32126.81,3042.72,42.5,4.1,73.81
296.8,1,5,intercity_bus,budget,60366.26,430.38,6.4,4.1,78.59
1697.7,2,6,train,budget,35130.89,3904.79,26.6,4.3,74.8
1311.5,2,3,intercity_bus,fastest,10318.09,3803.22,26.7,4.1,40.63
258.8,1,2,flight,budget,62563.0,1138.66,2.2,4.7,96.19
603.3,2,6,car,fastest,10343.95,2654.47,10.6,4.5,44.11
59.4,2,3,intercity_bus,balanced,74159.03,172.25,1.7,4.1,70.79
1141.0,1,4,intercity_bus,fastest,8823.05,1654.42,23.3,4.1,43.19
744.0,2,3,flight,comfort,40949.4,6547.19,3.6,4.7,96.79
1448.1,5,2,car,budget,59227.58,15929.18,24.6,4.5,67.22
734.5,1,4,train,comfort,34493.48,844.62,11.8,4.3,70.65
740.8,2,4,intercity_bus,fastest,21292.51,2148.34,15.3,4.1,47.77
1791.4,3,3,flight,budget,61931.82,23646.06,6.6,4.7,78.93
144.1,2,4,central_bus,comfort,63822.1,273.79,4.1,3.5,64.28
2169.9,3,5,train,budget,74202.12,7486.02,33.9,4.3,76.16
2049.9,2,4,central_bus,fastest,33212.38,3894.74,51.7,3.5,41.62
1612.7,2,2,train,comfort,42968.88,3709.2,25.3,4.3,71.35
1435.9,1,4,intercity_bus,fastest,32234.63,2082.11,29.2,4.1,42.47
2144.8,3,5,intercity_bus,comfort,24281.14,9329.69,43.4,4.1,63.76
469.2,3,5,taxi,balanced,61327.47,5349.25,8.3,4.8,67.5
217.2,1,4,intercity_bus,balanced,30473.89,314.88,4.8,4.1,68.96
597.6,2,3,train,balanced,37111.21,1374.57,9.7,4.3,69.09
1913.2,8,5,train,balanced,35275.52,17600.98,29.9,4.3,54.54
112.2,2,5,taxi,balanced,58449.59,852.48,2.4,4.8,72.53
1411.3,2,2,train,fastest,73834.67,3245.88,22.2,4.3,48.02
2389.2,5,4,intercity_bus,balanced,55006.7,17321.61,48.3,4.1,59.0
2058.0,3,3,train,fastest,40368.69,7100.1,32.2,4.3,45.07
1265.8,2,5,flight,balanced,63440.38,11139.27,5.1,4.7,90.56
180.8,4,3,intercity_bus,budget,53072.85,1048.81,4.1,4.1,79.45
2000.4,4,4,intercity_bus,balanced,9545.78,11602.06,40.5,4.1,36.19
1449.6,2,7,intercity_bus,budget,12174.77,4203.78,29.5,4.1,60.07
302.4,2,5,taxi,fastest,7843.77,2298.17,5.5,4.8,42.66
252.4,2,7,central_bus,balanced,39261.22,479.64,6.8,3.5,65.41
2185.8,6,10,flight,comfort,66939.01,57705.53,7.7,4.7,84.44
1616.0,3,2,taxi,fastest,28481.24,18422.45,27.4,4.8,43.24
1995.4,1,4,car,balanced,33812.01,4389.9,33.8,4.5,65.71
2113.2,4,4,train,fastest,73210.78,9720.63,33.0,4.3,46.88
1385.1,2,6,car,comfort,67767.76,6094.44,23.6,4.5,74.69
1256.3,1,3,train,balanced,54878.61,1444.8,19.8,4.3,71.17
1050.1,2,10,intercity_bus,comfort,25010.28,3045.33,21.5,4.1,69.28
781.2,2,4,taxi,balanced,13778.11,5936.84,13.5,4.8,58.96
1060.0,5,5,train,budget,6204.41,6094.96,16.8,4.3,29.84
1864.1,1,2,train,fastest,13025.8,2143.71,29.2,4.3,45.81
1456.6,4,3,train,comfort,26944.73,6700.17,22.9,4.3,68.17
2145.3,2,5,central_bus,fastest,46384.25,4076.03,54.1,3.5,41.13
1080.8,1,2,intercity_bus,comfort,9800.01,1567.18,22.1,4.1,67.95
1468.8,8,6,flight,fastest,15217.08,51701.84,5.7,4.7,88.01
1526.2,2,2,taxi,fastest,18581.05,11599.11,25.9,4.8,37.24
1432.3,2,5,central_bus,fastest,52398.66,2721.41,36.3,3.5,39.37
1695.2,2,3,train,budget,51184.23,3899.06,26.6,4.3,73.22
592.7,4,4,car,balanced,46307.43,5215.91,10.4,4.5,67.96
1244.3,2,5,train,budget,23787.61,2861.89,19.6,4.3,74.66
277.0,1,3,train,fastest,32833.98,318.56,4.8,4.3,48.07
941.3,1,2,train,comfort,12251.73,1082.49,15.0,4.3,69.08
1185.8,2,2,central_bus,fastest,21984.55,2252.96,30.1,3.5,41.84
1575.8,4,4,train,balanced,72327.89,7248.55,24.7,4.3,69.04
2282.8,2,4,train,budget,78476.88,5250.34,35.6,4.3,75.09
1453.5,1,5,train,balanced,53574.47,1671.57,22.9,4.3,68.18
1792.3,1,4,train,comfort,73761.75,2061.17,28.1,4.3,71.42
1229.9,2,4,central_bus,balanced,53205.64,2336.72,31.2,3.5,68.08
1532.8,6,3,flight,budget,7489.74,40466.62,5.9,4.7,49.95
198.1,2,2,flight,comfort,79757.19,1743.36,2.1,4.7,96.32
632.9,8,3,train,balanced,12421.42,5822.75,10.2,4.3,53.97
887.6,2,10,train,budget,56198.14,2041.46,14.2,4.3,79.83
1149.8,1,6,bike,budget,23962.72,1839.69,21.4,3.8,74.23
138.2,5,3,train,fastest,34398.58,794.58,2.6,4.3,46.36
361.9,2,4,taxi,balanced,53445.06,2750.11,6.5,4.8,67.53
686.0,3,6,train,comfort,37736.55,2366.87,11.1,4.3,71.06
2332.5,8,4,car,fastest,23790.95,41052.57,39.4,4.5,36.34
815.3,1,2,train,balanced,30083.46,937.59,13.0,4.3,70.53
1172.4,1,2,intercity_bus,balanced,30616.11,1700.03,23.9,4.1,64.19
494.8,3,4,flight,comfort,76949.29,6530.72,2.9,4.7,94.78
1477.5,2,7,central_bus,fastest,64895.98,2807.34,37.4,3.5,37.78
695.2,1,5,train,fastest,39391.16,799.5,11.2,4.3,49.17
520.6,1,2,central_bus,comfort,19986.57,494.54,13.5,3.5,63.27
1254.3,1,3,flight,fastest,65826.21,5518.82,5.1,4.7,96.14
43.0,4,5,train,budget,16788.69,198.02,1.2,4.3,80.57
48.2,1,6,train,comfort,20784.67,55.39,1.2,4.3,70.34
549.2,2,4,intercity_bus,balanced,32451.0,1592.66,11.5,4.1,67.98
117.0,3,4,train,comfort,71026.11,403.75,2.3,4.3,72.95
286.0,2,2,central_bus,budget,14884.0,543.44,7.7,3.5,70.82
833.1,1,6,train,comfort,14167.56,958.06,13.3,4.3,70.16
1932.1,4,5,intercity_bus,balanced,42048.12,11206.34,39.1,4.1,60.22
1385.8,1,3,train,balanced,25730.79,1593.62,21.8,4.3,69.01
1245.0,4,5,intercity_bus,comfort,47654.6,7221.13,25.4,4.1,68.88
725.6,5,3,train,comfort,38872.75,4172.02,11.7,4.3,68.55
2238.3,2,2,train,budget,37621.93,5147.99,34.9,4.3,72.54
970.9,2,3,train,budget,13397.97,2233.13,15.4,4.3,69.11
236.4,2,3,car,balanced,15578.73,1040.2,4.4,4.5,71.57
1492.4,2,3,train,fastest,66580.89,3432.63,23.5,4.3,46.86
299.8,5,4,flight,fastest,71441.21,6595.53,2.4,4.7,95.82
848.2,5,4,train,fastest,22601.26,4877.03,13.5,4.3,45.51
1232.6,2,4,train,fastest,13509.54,2834.9,19.5,4.3,46.6
2101.9,3,3,intercity_bus,balanced,9006.25,9143.3,42.5,4.1,35.11
1199.7,6,2,intercity_bus,fastest,50622.32,10437.44,24.5,4.1,46.68
1694.4,6,4,car,fastest,58651.49,22365.46,28.7,4.5,44.15
2383.0,2,3,car,comfort,32960.75,10485.09,40.2,4.5,67.82
341.6,2,3,flight,fastest,55975.69,3006.34,2.5,4.7,96.02
681.1,2,6,central_bus,comfort,58471.91,1294.12,17.5,3.5,61.94
965.1,6,5,intercity_bus,balanced,75150.67,8396.76,19.8,4.1,63.42
1029.7,1,6,intercity_bus,comfort,9865.52,1493.11,21.1,4.1,66.76
1004.1,2,4,car,budget,19421.88,4418.13,17.2,4.5,70.23
2181.0,2,2,central_bus,comfort,10139.45,4143.97,55.0,3.5,55.81
1722.3,2,5,central_bus,fastest,70099.55,3272.29,43.6,3.5,40.18
1470.7,2,3,train,comfort,64444.04,3382.69,23.1,4.3,73.33
763.2,8,4,train,comfort,48098.16,7021.56,12.2,4.3,67.51
1982.4,1,2,car,balanced,11274.76,4361.24,33.5,4.5,55.0
2293.5,2,6,train,balanced,25498.43,5275.03,35.8,4.3,62.5
1976.2,1,2,intercity_bus,fastest,27328.99,2865.55,40.0,4.1,41.41
33.7,1,7,train,budget,47055.74,38.77,1.0,4.3,80.85
1538.3,2,6,taxi,budget,24353.29,11690.86,26.1,4.8,56.49
151.2,2,4,train,comfort,10471.99,347.74,2.8,4.3,71.02
640.5,2,5,taxi,budget,59807.17,4868.02,11.2,4.8,78.69
171.1,2,4,train,balanced,27431.02,393.47,3.1,4.3,69.93
1461.0,1,6,taxi,fastest,38928.06,5551.78,24.8,4.8,47.62
1657.2,2,4,flight,fastest,14575.0,14583.52,6.2,4.7,89.67
301.3,6,5,train,balanced,65191.12,2079.22,5.1,4.3,69.67
939.7,6,4,central_bus,fastest,47414.89,5356.28,24.0,3.5,41.83
1111.3,2,7,train,comfort,72618.92,2555.95,17.6,4.3,70.95
904.7,2,4,train,fastest,42160.37,2080.71,14.4,4.3,48.64
316.8,5,4,taxi,budget,75606.93,6019.76,5.8,4.8,74.69
1022.9,1,5,intercity_bus,fastest,71890.12,1483.21,21.0,4.1,42.1
1810.3,4,6,intercity_bus,fastest,48234.49,10499.69,36.7,4.1,42.01
198.3,6,4,train,balanced,75042.01,1368.19,3.6,4.3,69.5
220.0,1,3,intercity_bus,balanced,29231.66,319.04,4.9,4.1,68.43
870.8,1,4,taxi,budget,32423.16,3309.07,15.0,4.8,75.6
2261.9,6,7,intercity_bus,balanced,8410.85,19678.44,45.7,4.1,35.67
1614.5,2,5,car,budget,49190.07,7103.88,27.4,4.5,72.6
1638.4,1,6,car,comfort,59144.3,3604.59,27.8,4.5,71.14
887.8,2,2,train,budget,63013.94,2041.83,14.2,4.3,78.17
1437.0,2,4,train,fastest,16236.22,3305.04,22.6,4.3,44.55
54.0,3,4,taxi,budget,38311.93,615.72,1.4,4.8,78.82
1537.5,3,6,intercity_bus,comfort,18264.74,6688.33,31.3,4.1,61.06
2194.5,8,2,train,fastest,54659.55,20189.31,34.3,4.3,44.15
1481.8,2,6,train,budget,16845.98,3408.14,23.3,4.3,69.35
2100.7,2,4,central_bus,balanced,72812.28,3991.26,53.0,3.5,66.46
1745.8,2,3,flight,balanced,22297.6,15363.18,6.5,4.7,70.81
315.7,2,3,train,balanced,26855.17,726.16,5.4,4.3,69.71
2168.8,1,3,train,budget,68817.97,2494.14,33.9,4.3,81.22
187.5,8,4,car,budget,39385.07,3299.51,3.6,4.5,74.83
1295.5,4,2,flight,comfort,6799.7,22800.85,5.2,4.7,80.45
366.9,2,3,central_bus,fastest,42093.97,697.04,9.7,3.5,39.87
57.7,3,6,flight,fastest,11340.75,762.23,1.7,4.7,94.71
1030.2,1,2,intercity_bus,fastest,78900.85,1493.82,21.1,4.1,46.9
729.2,2,3,flight,fastest,49108.37,6417.37,3.6,4.7,96.35
1181.8,3,4,intercity_bus,budget,24239.95,5140.92,24.1,4.1,68.65
1398.0,2,4,train,budget,47278.83,3215.32,22.0,4.3,74.37
133.7,8,5,flight,comfort,10765.03,4704.89,1.9,4.7,89.78
321.5,3,4,intercity_bus,fastest,64991.85,1398.6,6.9,4.1,46.29
1354.0,2,5,bike,budget,74399.6,4332.74,25.1,3.8,77.56
843.3,4,4,train,budget,70583.33,3879.21,13.5,4.3,78.57
1758.1,1,2,car,budget,30631.82,3867.91,29.8,4.5,72.42
1575.9,2,3,car,budget,29432.61,6934.1,26.8,4.5,69.12
2034.1,2,4,train,fastest,7631.57,4678.39,31.8,4.3,42.61
1671.2,2,3,flight,fastest,53855.03,14706.63,6.3,4.7,91.98
1048.9,4,5,intercity_bus,budget,45117.86,6083.83,21.5,4.1,70.63
1624.9,2,4,car,balanced,39450.98,7149.7,27.6,4.5,66.63
682.7,4,3,intercity_bus,comfort,73072.32,3959.39,14.2,4.1,69.47
756.0,2,3,flight,fastest,17590.92,6652.47,3.7,4.7,91.3
1899.9,2,3,intercity_bus,fastest,5724.97,5509.7,38.5,4.1,36.34
1088.0,4,4,train,balanced,10498.73,5004.87,17.2,4.3,54.93
1922.2,1,4,train,fastest,21752.86,2210.49,30.1,4.3,47.9
1979.1,1,4,intercity_bus,balanced,7496.42,2869.75,40.1,4.1,55.24
2062.4,2,3,flight,balanced,42713.28,18149.32,7.4,4.7,83.2
2202.4,2,5,central_bus,budget,28556.78,4184.61,55.6,3.5,71.22
1051.4,1,6,central_bus,fastest,18536.23,998.86,26.8,3.5,40.79
785.7,3,3,train,comfort,61256.31,2710.71,12.6,4.3,71.21
1409.8,2,4,intercity_bus,balanced,20333.85,4088.45,28.7,4.1,61.58
909.7,2,10,train,comfort,56570.38,2092.26,14.5,4.3,73.77
1454.5,6,3,flight,budget,31194.87,38400.01,5.7,4.7,47.22
1702.2,2,4,bike,fastest,43387.08,5447.16,31.4,3.8,42.39
1661.5,4,2,intercity_bus,budget,75040.03,9636.82,33.7,4.1,71.56
917.7,1,4,train,budget,7801.37,1055.34,14.6,4.3,73.74
425.5,2,2,train,comfort,42519.84,978.55,7.0,4.3,72.63
1050.4,4,7,central_bus,comfort,69081.72,3991.35,26.8,3.5,59.99
367.9,2,5,central_bus,balanced,49098.07,699.1,9.7,3.5,69.2
2139.5,3,5,flight,fastest,25765.29,28241.8,7.6,4.7,87.86
849.7,2,5,train,budget,34826.09,1954.38,13.6,4.3,78.21
396.1,1,4,flight,balanced,56019.92,1742.71,2.6,4.7,95.87
90.3,2,4,central_bus,balanced,71810.89,171.59,2.8,3.5,66.87
1560.6,2,6,train,budget,8079.98,3589.38,24.5,4.3,57.88
1539.5,4,7,intercity_bus,budget,10365.41,8928.86,31.3,4.1,37.52
837.2,1,4,train,balanced,29378.86,962.82,13.4,4.3,70.31
200.0,6,7,intercity_bus,budget,22458.48,1739.63,4.5,4.1,76.33
1000.8,6,4,taxi,budget,24869.82,22818.71,17.2,4.8,34.5
767.6,1,4,intercity_bus,comfort,21595.25,1113.0,15.9,4.1,68.49
1634.8,2,4,taxi,fastest,19686.88,12424.3,27.7,4.8,40.37
1465.7,5,3,central_bus,balanced,14796.8,6962.06,37.1,3.5,52.29
894.1,6,2,train,budget,75046.56,6169.2,14.3,4.3,74.95
546.4,2,3,central_bus,balanced,15814.21,1038.17,14.2,3.5,64.14
2371.6,2,4,intercity_bus,fastest,20330.28,6877.77,47.9,4.1,40.92
1106.0,2,3,intercity_bus,balanced,23469.93,3207.35,22.6,4.1,64.27
1661.2,3,4,train,balanced,74976.12,5731.17,26.1,4.3,69.88
363.1,2,10,intercity_bus,balanced,61678.56,1053.02,7.8,4.1,68.51
1180.8,3,3,train,comfort,64227.46,4073.92,18.7,4.3,72.98
95.3,1,4,train,fastest,12856.87,109.55,2.0,4.3,46.43
1227.9,1,2,intercity_bus,fastest,67723.24,1780.5,25.1,4.1,44.76
2314.7,2,2,train,balanced,35614.48,5323.86,36.1,4.3,65.08
940.6,2,5,car,balanced,24711.73,4138.51,16.2,4.5,66.41
122.4,2,4,intercity_bus,fastest,48181.26,355.02,2.9,4.1,44.67
103.4,2,5,flight,budget,66663.72,909.61,1.8,4.7,96.49
949.5,2,2,intercity_bus,comfort,63398.91,2753.63,19.5,4.1,70.1
409.3,1,4,flight,fastest,71749.81,1800.74,2.7,4.7,96.17
85.3,2,3,train,balanced,74609.91,196.29,1.8,4.3,72.26
1822.2,8,3,car,budget,22859.16,32071.18,30.9,4.5,29.28
1116.7,2,2,intercity_bus,budget,36789.34,3238.43,22.8,4.1,74.82
715.5,2,2,taxi,budget,6097.14,5437.88,12.4,4.8,34.65
2163.2,2,3,intercity_bus,comfort,70949.12,6273.27,43.8,4.1,66.65
305.2,8,2,train,comfort,16592.91,2808.29,5.2,4.3,69.18
2295.5,1,10,central_bus,fastest,69610.61,2180.75,57.9,3.5,44.27
774.1,3,3,train,fastest,29704.05,2670.65,12.4,4.3,47.0
2135.5,3,2,intercity_bus,fastest,32610.02,9289.5,43.2,4.1,44.4
1459.0,3,3,train,fastest,7934.92,5033.46,22.9,4.3,41.73
1989.3,1,4,central_bus,balanced,29515.91,1889.83,50.2,3.5,64.11
2362.1,3,2,bike,comfort,71627.28,11338.13,43.4,3.8,66.56
713.5,1,6,intercity_bus,budget,6916.06,1034.61,14.8,4.1,72.23
2307.9,2,7,flight,balanced,35474.56,20309.44,8.1,4.7,76.1
953.1,3,3,intercity_bus,fastest,7354.97,4145.86,19.6,4.1,39.84
943.7,1,4,intercity_bus,fastest,32819.26,1368.31,19.4,4.1,43.92
836.7,4,2,car,balanced,17948.05,7363.11,14.4,4.5,54.3
1313.1,1,4,taxi,budget,23916.38,4989.92,22.4,4.8,72.0
395.3,4,4,flight,comfort,70819.88,6957.7,2.6,4.7,95.97
1342.3,2,3,train,comfort,37703.69,3087.28,21.2,4.3,73.37
1313.8,1,3,intercity_bus,budget,25534.85,1905.07,26.8,4.1,75.96
1835.7,1,5,train,comfort,49200.38,2111.06,28.7,4.3,70.83
2005.8,6,4,intercity_bus,fastest,15658.02,17450.03,40.6,4.1,36.02
1073.8,1,3,intercity_bus,fastest,24454.37,1557.08,22.0,4.1,45.41
746.5,1,5,taxi,fastest,45968.6,2836.81,12.9,4.8,49.73
644.6,2,4,taxi,fastest,22814.23,4899.14,11.2,4.8,45.67
491.3,3,6,intercity_bus,budget,55934.58,2136.97,10.3,4.1,76.9
166.6,2,2,train,comfort,41861.85,383.24,3.1,4.3,70.63
841.6,1,5,taxi,comfort,62899.18,3198.09,14.5,4.8,76.03
670.5,2,5,train,balanced,76118.34,1542.12,10.8,4.3,68.44
2320.4,1,2,central_bus,budget,13685.37,2204.39,58.5,3.5,70.4
1351.8,1,5,train,comfort,30099.88,1554.54,21.3,4.3,71.95
853.0,2,4,intercity_bus,comfort,28966.18,2473.84,17.6,4.1,68.57
1405.7,3,7,bike,balanced,16338.72,6747.4,26.1,3.8,54.87
359.9,1,2,train,fastest,65772.74,413.88,6.0,4.3,49.98
1082.4,2,4,intercity_bus,comfort,61990.9,3138.91,22.1,4.1,69.52
1514.2,2,3,train,fastest,41331.91,3482.6,23.8,4.3,45.99
1188.7,8,7,car,balanced,45332.81,20920.91,20.3,4.5,54.61
982.2,6,3,taxi,comfort,9465.81,22394.52,16.9,4.8,59.67
2385.4,4,7,train,fastest,46663.05,10972.94,37.2,4.3,46.22
2116.3,1,7,train,budget,64350.61,2433.8,33.1,4.3,76.92
1507.5,1,3,central_bus,fastest,48037.07,1432.1,38.2,3.5,43.18
1379.4,2,6,train,fastest,24897.98,3172.68,21.7,4.3,48.45
1501.0,2,10,central_bus,fastest,55066.12,2851.83,38.0,3.5,40.02
507.1,2,3,train,fastest,32111.63,1166.35,8.3,4.3,47.1
966.5,4,4,train,budget,45865.5,4445.79,15.4,4.3,75.49
123.5,4,4,central_bus,balanced,41567.4,469.37,3.6,3.5,67.86
1157.0,4,3,train,fastest,33588.13,5322.4,18.3,4.3,48.57
1317.0,2,2,taxi,fastest,58915.85,10008.96,22.4,4.8,43.66
569.8,3,3,train,comfort,71290.71,1965.7,9.3,4.3,70.95
2314.7,2,3,train,comfort,5390.94,5323.92,36.1,4.3,56.63
2185.4,1,4,bike,budget,75021.24,3496.65,40.2,3.8,74.31
1741.5,3,3,intercity_bus,budget,43363.64,7575.44,35.3,4.1,69.59
1294.1,1,6,flight,budget,57554.89,5694.16,5.2,4.7,93.1
2091.8,2,5,train,comfort,69171.84,4811.2,32.7,4.3,70.38
339.6,2,2,central_bus,fastest,40032.78,645.33,9.0,3.5,39.38
1903.5,3,5,flight,comfort,67623.06,25126.31,6.9,4.7,94.54
325.8,4,5,train,balanced,18321.49,1498.8,5.5,4.3,69.01
1912.3,2,7,taxi,budget,16937.57,14533.32,32.4,4.8,38.3
683.6,4,2,central_bus,budget,54310.35,2597.56,17.6,3.5,73.25
2108.7,2,3,intercity_bus,budget,70260.73,6115.24,42.7,4.1,75.1
2267.4,2,7,central_bus,balanced,71931.96,4308.02,57.2,3.5,64.59
382.6,3,7,central_bus,fastest,53280.53,1090.54,10.1,3.5,38.82
1126.5,3,5,train,fastest,44411.69,3886.57,17.8,4.3,45.26
2354.9,8,5,intercity_bus,fastest,29854.48,27317.31,47.6,4.1,36.81
1175.7,1,2,train,budget,78500.03,1352.03,18.6,4.3,82.37
2076.6,3,4,intercity_bus,fastest,28977.18,9033.24,42.0,4.1,42.2
1425.3,3,3,flight,comfort,60813.96,18813.88,5.6,4.7,92.81
919.5,5,3,intercity_bus,budget,44898.63,6666.61,18.9,4.1,71.4
707.3,1,6,car,balanced,50638.43,1556.08,12.3,4.5,70.44
511.6,4,2,train,balanced,34511.04,2353.54,8.4,4.3,70.72
1835.5,2,4,intercity_bus,fastest,77361.73,5322.84,37.2,4.1,46.58
946.1,2,7,flight,budget,47876.17,8325.69,4.2,4.7,90.66
1241.7,2,3,intercity_bus,comfort,75334.07,3601.0,25.3,4.1,66.65
1196.8,2,10,intercity_bus,comfort,5569.36,3470.75,24.4,4.1,59.52
1398.2,2,10,train,budget,47950.29,3215.75,22.0,4.3,77.38
2081.4,5,4,intercity_bus,fastest,58789.02,15090.28,42.1,4.1,41.82
2354.4,2,3,train,balanced,60881.01,5415.01,36.7,4.3,68.94
996.0,3,3,bike,balanced,72873.27,4780.68,18.6,3.8,68.05
1991.2,2,4,train,comfort,5330.12,4579.81,31.1,4.3,60.46
1841.9,1,3,taxi,comfort,5024.76,6999.34,31.2,4.8,63.51
1389.3,1,3,central_bus,comfort,40419.76,1319.8,35.2,3.5,61.87
2295.8,2,10,train,balanced,7197.03,5280.41,35.8,4.3,43.75
505.1,2,3,intercity_bus,comfort,78089.94,1464.86,10.6,4.1,69.23
289.0,1,5,taxi,balanced,21654.89,1098.03,5.3,4.8,73.59
2053.9,2,2,taxi,balanced,40449.85,15609.56,34.7,4.8,58.32
1070.8,2,4,train,fastest,9585.32,2462.81,17.0,4.3,46.2
2037.3,2,7,train,fastest,44153.63,4685.83,31.8,4.3,47.73
2146.6,2,3,train,fastest,33496.71,4937.23,33.5,4.3,46.56
178.0,1,3,train,comfort,8349.5,204.73,3.2,4.3,71.49
2123.8,6,5,central_bus,balanced,30134.32,12105.73,53.6,3.5,51.48
1092.5,4,5,taxi,comfort,34357.7,16606.25,18.7,4.8,65.31
1239.7,3,5,intercity_bus,balanced,79244.11,5392.8,25.3,4.1,65.54
1515.0,1,3,flight,fastest,20591.44,6666.11,5.8,4.7,93.58
2225.5,4,3,central_bus,fastest,45858.47,8457.0,56.1,3.5,41.66
75.3,4,7,intercity_bus,comfort,79048.67,436.77,2.0,4.1,68.73
1160.1,4,7,train,balanced,64401.44,5336.55,18.3,4.3,67.79
1659.9,1,4,flight,comfort,79502.56,7303.57,6.2,4.7,93.09
1742.8,3,6,taxi,budget,77622.37,19868.1,29.5,4.8,69.22
1671.3,4,4,central_bus,comfort,41715.47,6350.95,42.3,3.5,62.61
348.6,2,4,train,fastest,57228.19,801.81,5.9,4.3,49.2
739.6,3,3,train,balanced,13283.23,2551.51,11.9,4.3,65.66
880.2,2,4,train,balanced,38086.16,2024.36,14.0,4.3,67.4
1936.5,2,4,central_bus,comfort,65676.39,3679.38,48.9,3.5,61.49
690.7,1,2,flight,fastest,42900.15,3038.91,3.5,4.7,99.61
529.4,3,4,train,budget,57702.43,1826.33,8.6,4.3,80.41
2299.2,1,5,taxi,comfort,60931.35,8736.78,38.8,4.8,71.53
51.0,2,5,central_bus,balanced,24010.19,96.91,1.8,3.5,66.7
2394.8,2,4,central_bus,fastest,70677.45,4550.19,60.4,3.5,41.76
1634.1,2,7,bike,balanced,39486.68,5229.01,30.2,3.8,63.34
1993.5,1,2,train,balanced,20763.88,2292.49,31.2,4.3,64.14
728.2,3,4,car,balanced,69906.19,4806.44,12.6,4.5,69.38
63.9,4,5,train,balanced,36336.41,294.07,1.5,4.3,70.01
1778.8,1,4,intercity_bus,budget,61273.43,2579.19,36.1,4.1,75.78
2006.9,1,3,taxi,fastest,46102.48,7626.31,33.9,4.8,45.7
1784.9,1,2,car,comfort,33640.38,3926.84,30.2,4.5,71.33
368.6,5,6,intercity_bus,fastest,65740.73,2672.03,7.9,4.1,44.35
1815.6,2,4,central_bus,fastest,48835.24,3449.69,45.9,3.5,39.82
1852.3,2,6,flight,fastest,34292.16,16300.65,6.8,4.7,92.32
1590.7,1,4,taxi,comfort,13219.84,6044.82,27.0,4.8,66.49
1845.7,3,5,train,fastest,72158.4,6367.65,28.9,4.3,47.33
2034.8,4,6,flight,comfort,7660.22,35813.08,7.3,4.7,76.52
1484.2,4,5,intercity_bus,comfort,69739.05,8608.6,30.2,4.1,66.69
240.0,3,3,intercity_bus,budget,31997.11,1043.97,5.3,4.1,78.8
1185.7,1,4,intercity_bus,balanced,52950.41,1719.23,24.2,4.1,66.86
214.0,1,6,intercity_bus,comfort,74164.98,310.34,4.8,4.1,69.98
995.9,1,3,car,balanced,16378.0,2190.93,17.1,4.5,68.69
994.8,2,3,intercity_bus,fastest,47521.29,2885.04,20.4,4.1,39.2
186.4,1,2,car,balanced,62332.46,410.18,3.6,4.5,71.19
856.7,2,7,train,balanced,61818.79,1970.42,13.7,4.3,66.04
293.1,2,2,flight,balanced,44422.39,2578.98,2.3,4.7,94.89
1945.5,6,4,flight,fastest,51855.46,51361.66,7.1,4.7,87.48
2276.0,3,4,central_bus,fastest,61814.52,6486.66,57.4,3.5,37.08
201.4,4,4,central_bus,comfort,68077.07,765.28,5.5,3.5,65.58
2293.6,3,5,central_bus,comfort,62135.98,6536.83,57.8,3.5,61.71
1268.5,1,2,taxi,budget,31550.37,4820.32,21.6,4.8,72.12
740.0,3,4,taxi,fastest,79754.48,8435.67,12.8,4.8,49.03
212.2,2,5,train,budget,37587.7,487.98,3.8,4.3,76.97
1216.5,3,6,taxi,fastest,6834.85,13867.87,20.8,4.8,36.04
1913.0,2,3,intercity_bus,balanced,32196.27,5547.71,38.8,4.1,60.11
1705.8,8,6,train,budget,14583.72,15693.31,26.7,4.3,33.02
149.0,2,5,taxi,budget,14108.2,1132.67,3.0,4.8,77.51
202.8,2,6,intercity_bus,budget,26115.13,588.05,4.6,4.1,78.92
984.8,6,4,flight,fastest,9003.16,25998.98,4.3,4.7,87.85
729.8,1,4,train,comfort,56638.41,839.31,11.7,4.3,72.48
580.8,3,7,train,budget,10549.17,2003.59,9.4,4.3,70.94
696.0,3,6,intercity_bus,comfort,20246.72,3027.52,14.4,4.1,67.13
1934.3,4,4,train,fastest,11967.48,8897.57,30.3,4.3,40.47
2232.3,8,3,flight,budget,9737.58,78575.92,7.9,4.7,46.49
990.1,8,3,train,fastest,25081.37,9108.86,15.7,4.3,44.04
2177.5,1,3,intercity_bus,comfort,47892.42,3157.35,44.0,4.1,68.39
791.9,4,3,train,comfort,77351.42,3642.95,12.7,4.3,71.3
1159.2,3,3,train,budget,70666.75,3999.09,18.3,4.3,75.27
565.7,3,6,flight,comfort,70695.04,7467.09,3.1,4.7,92.2
1547.9,1,2,train,balanced,18205.03,1780.12,24.3,4.3,69.67
2350.2,3,5,central_bus,balanced,24868.04,6698.03,59.3,3.5,57.04
1460.3,8,3,car,budget,10729.5,25700.9,24.8,4.5,31.31
878.0,5,3,central_bus,fastest,63385.13,4170.59,22.5,3.5,39.56
1565.3,2,2,flight,fastest,10236.22,13774.88,6.0,4.7,85.19
321.3,1,3,train,fastest,46752.18,369.52,5.4,4.3,46.4
2136.1,2,5,train,balanced,23590.67,4913.08,33.4,4.3,63.85
1222.3,4,6,taxi,comfort,23258.42,18579.1,20.9,4.8,63.01
1095.0,3,3,flight,balanced,79304.38,14453.46,4.6,4.7,92.66
1418.5,2,4,central_bus,comfort,61758.49,2695.15,36.0,3.5,62.47
1510.7,1,4,central_bus,balanced,67770.45,1435.2,38.3,3.5,68.96
200.1,2,6,intercity_bus,fastest,47898.7,580.32,4.5,4.1,45.26
1647.8,2,5,train,fastest,70326.07,3789.95,25.9,4.3,43.59
603.4,6,4,flight,fastest,53411.79,15929.18,3.2,4.7,96.0
1722.1,3,5,central_bus,budget,75963.03,4907.89,43.6,3.5,71.79
1979.4,2,6,intercity_bus,budget,26100.39,5740.28,40.1,4.1,68.41
1935.4,2,2,taxi,comfort,49648.97,14708.9,32.8,4.8,70.38
1339.4,1,4,train,budget,56759.85,1540.34,21.1,4.3,82.17
1262.8,8,7,train,balanced,34470.3,11617.78,19.9,4.3,61.83
368.6,2,5,taxi,balanced,70978.1,2801.48,6.6,4.8,70.05
1867.6,2,4,flight,comfort,78485.24,16434.62,6.8,4.7,92.47
673.2,2,4,intercity_bus,comfort,42032.71,1952.4,14.0,4.1,68.64
1207.2,3,3,train,fastest,34298.05,4164.73,19.1,4.3,47.82
703.7,3,4,train,budget,40395.34,2427.87,11.3,4.3,77.35
347.2,3,5,central_bus,fastest,68955.26,989.44,9.2,3.5,40.18
1522.1,2,4,intercity_bus,budget,53410.13,4413.95,30.9,4.1,73.85
158.8,2,5,taxi,budget,8357.93,1206.63,3.1,4.8,73.8
1804.3,1,6,car,comfort,45662.74,3969.44,30.6,4.5,73.83
782.7,3,3,flight,fastest,6297.51,10331.39,3.7,4.7,88.04
30.3,1,4,intercity_bus,fastest,63390.15,43.96,1.1,4.1,43.6
1241.4,2,4,flight,budget,29623.42,10924.11,5.0,4.7,79.93
141.0,4,5,intercity_bus,budget,40400.56,818.03,3.3,4.1,77.46
684.5,5,3,train,comfort,64900.86,3936.0,11.0,4.3,72.27
1705.5,2,4,train,balanced,8483.66,3922.73,26.7,4.3,59.08
178.6,2,6,intercity_bus,fastest,16890.62,517.87,4.1,4.1,43.93
2019.2,1,4,car,fastest,34847.03,4442.31,34.2,4.5,47.21
39.1,3,7,train,comfort,22244.39,134.73,1.1,4.3,70.63
615.0,4,10,train,comfort,30342.61,2828.87,10.0,4.3,70.28
1785.9,1,2,bike,fastest,79863.11,2857.51,33.0,3.8,44.72
779.6,2,3,train,fastest,66906.08,1792.99,12.5,4.3,47.18
271.5,4,7,flight,budget,71292.64,4778.14,2.3,4.7,97.74
883.8,5,7,train,balanced,75279.1,5081.59,14.1,4.3,68.65
670.8,1,2,train,fastest,30570.19,771.46,10.8,4.3,48.37
2027.2,2,2,car,comfort,27280.77,8919.8,34.3,4.5,65.49
772.6,1,3,train,budget,22554.69,888.53,12.4,4.3,78.99
1899.8,1,10,central_bus,budget,67258.77,1804.78,48.0,3.5,77.66
2143.7,5,3,train,comfort,55966.39,12326.49,33.5,4.3,67.75
1058.1,4,4,train,comfort,22712.9,4867.48,16.8,4.3,64.86
2186.6,4,6,train,budget,33274.54,10058.2,34.1,4.3,65.14
924.2,1,2,train,comfort,43003.38,1062.88,14.7,4.3,71.5
2314.9,4,4,train,budget,44610.5,10648.38,36.1,4.3,69.47
241.6,2,3,flight,comfort,71654.58,2126.22,2.2,4.7,98.37
1658.2,2,6,intercity_bus,budget,33542.46,4808.88,33.7,4.1,71.32
1200.3,2,3,train,fastest,73139.3,2760.78,19.0,4.3,46.08
948.7,1,5,intercity_bus,fastest,38102.57,1375.66,19.5,4.1,42.66
1529.5,4,5,car,comfort,60977.95,13459.84,26.0,4.5,70.27
1698.1,2,3,car,balanced,74769.07,7471.82,28.8,4.5,68.86
40.3,1,2,flight,fastest,73068.18,177.5,1.6,4.7,96.56
425.7,1,4,taxi,budget,9271.47,1617.58,7.6,4.8,73.47
1719.9,1,3,train,balanced,20427.82,1977.91,27.0,4.3,68.78
1609.3,1,6,intercity_bus,budget,40767.91,2333.53,32.7,4.1,76.26
2319.5,2,6,central_bus,budget,37366.57,4407.11,58.5,3.5,70.04
1833.7,4,4,central_bus,fastest,53066.87,6967.91,46.3,3.5,39.82
2283.3,1,4,intercity_bus,comfort,75853.18,3310.83,46.2,4.1,64.67
1695.0,1,4,intercity_bus,comfort,13430.35,2457.78,34.4,4.1,66.58
736.4,2,6,bike,budget,38889.4,2356.43,13.9,3.8,75.75
279.7,4,4,taxi,fastest,19430.83,4251.67,5.2,4.8,45.98
1882.9,2,3,intercity_bus,budget,72058.07,5460.48,38.2,4.1,76.02
1556.6,2,3,flight,balanced,77343.51,13698.38,5.9,4.7,91.48
144.2,2,4,train,budget,40902.63,331.66,2.7,4.3,79.74
883.3,2,4,train,fastest,12800.77,2031.64,14.1,4.3,46.23
2297.6,1,4,intercity_bus,budget,63897.1,3331.54,46.5,4.1,74.34
1216.0,3,2,intercity_bus,fastest,57285.6,5289.39,24.8,4.1,42.97
1055.6,3,5,train,comfort,31600.31,3641.71,16.7,4.3,70.19
1114.7,2,3,flight,fastest,71555.56,9809.78,4.7,4.7,94.93
525.1,3,3,intercity_bus,balanced,78187.39,2283.98,11.0,4.1,69.85
903.8,3,4,central_bus,fastest,46839.04,2575.93,23.1,3.5,40.32
906.5,1,3,train,balanced,47429.59,1042.43,14.4,4.3,71.03
154.1,2,4,train,balanced,27313.51,354.39,2.9,4.3,71.19
1849.1,1,3,taxi,budget,48837.95,7026.71,31.3,4.8,74.95
1017.1,1,4,central_bus,balanced,37973.17,966.26,25.9,3.5,67.39
1978.6,3,4,car,fastest,27664.33,13058.54,33.5,4.5,43.61
2045.3,4,3,bike,comfort,10038.89,13090.08,37.7,3.8,48.47
532.4,6,3,intercity_bus,fastest,23953.09,4632.11,11.1,4.1,44.63
1587.9,3,6,train,comfort,19839.1,5478.35,24.9,4.3,69.99
1149.3,1,4,taxi,balanced,45653.15,4367.37,19.7,4.8,68.47
2116.0,1,4,bike,budget,50125.25,3385.55,39.0,3.8,75.72
541.3,4,2,central_bus,balanced,50642.88,2056.96,14.0,3.5,64.17
1636.4,2,4,flight,balanced,34113.58,14400.47,6.2,4.7,79.4
1470.4,3,4,flight,comfort,36592.23,19408.92,5.7,4.7,86.74
729.9,4,4,intercity_bus,fastest,67567.88,4233.21,15.1,4.1,43.33
353.7,3,5,central_bus,budget,40717.46,1008.17,9.3,3.5,75.52
1574.4,4,3,taxi,budget,79083.0,23930.67,26.7,4.8,64.46
1780.5,1,3,central_bus,budget,37971.29,1691.45,45.0,3.5,73.96
778.0,3,6,train,budget,53718.57,2684.23,12.5,4.3,77.8
1558.3,4,7,train,fastest,8777.22,7167.97,24.5,4.3,38.42
966.5,2,2,train,budget,54000.49,2222.86,15.4,4.3,79.07
1720.3,3,4,train,comfort,68856.98,5935.04,27.0,4.3,71.57
502.1,2,3,car,comfort,75684.34,2209.42,8.9,4.5,76.42
2139.8,6,2,train,budget,79799.05,14764.69,33.4,4.3,72.75
711.2,1,3,train,budget,26163.4,817.83,11.4,4.3,79.12
901.7,2,2,train,fastest,48152.75,2073.8,14.4,4.3,46.38
167.7,1,5,central_bus,fastest,38803.85,159.29,4.7,3.5,42.26
294.3,3,4,intercity_bus,budget,47286.31,1280.14,6.4,4.1,78.19
1252.6,1,2,train,fastest,16808.97,1440.48,19.8,4.3,46.12
664.2,1,2,train,balanced,69211.22,763.82,10.7,4.3,72.26
2010.1,2,6,train,budget,73217.67,4623.2,31.4,4.3,75.06
64.8,5,3,intercity_bus,fastest,38724.62,469.97,1.8,4.1,44.28
928.5,1,4,train,comfort,26032.24,1067.72,14.8,4.3,72.06
829.5,1,3,car,budget,15562.51,1824.92,14.3,4.5,74.13
75.8,4,4,intercity_bus,budget,56282.36,439.68,2.0,4.1,78.36
324.8,2,3,train,comfort,28417.39,746.93,5.5,4.3,71.24
1010.3,5,2,flight,comfort,73215.39,22227.33,4.4,4.7,89.99
1198.1,1,3,train,fastest,55325.94,1377.8,18.9,4.3,49.25
988.2,3,3,central_bus,comfort,53426.4,2816.28,25.2,3.5,60.54
1288.3,1,4,train,balanced,46955.16,1481.57,20.3,4.3,70.84
1440.5,1,5,central_bus,budget,8433.23,1368.44,36.5,3.5,69.79
53.5,3,3,flight,balanced,74894.18,706.46,1.7,4.7,95.35
1129.9,2,2,car,fastest,52095.31,4971.58,19.3,4.5,46.44
2313.5,4,4,train,comfort,79554.65,10642.07,36.1,4.3,68.47
1260.1,2,4,train,budget,45301.73,2898.24,19.9,4.3,79.2
1635.8,2,7,intercity_bus,comfort,58258.32,4743.75,33.2,4.1,66.04
769.1,2,4,car,comfort,9215.72,3384.12,13.3,4.5,66.8
1864.4,8,4,car,fastest,52380.21,32812.73,31.6,4.5,39.19
1861.8,2,4,train,fastest,62348.72,4282.19,29.1,4.3,45.02
1265.5,2,7,train,fastest,63388.57,2910.58,20.0,4.3,49.67
2343.2,2,6,intercity_bus,fastest,62758.37,6795.14,47.4,4.1,44.5
327.6,2,3,train,budget,21971.2,753.37,5.5,4.3,78.81
70.2,2,3,train,balanced,78154.89,161.38,1.6,4.3,70.41
1855.3,5,3,train,balanced,79638.66,10667.83,29.0,4.3,68.14
1943.0,2,4,central_bus,budget,10669.69,3691.62,49.1,3.5,58.75
314.9,5,5,car,comfort,75233.48,3463.8,5.7,4.5,73.79
659.4,1,4,bike,budget,26708.69,1055.09,12.5,3.8,75.46
71.6,3,2,intercity_bus,balanced,56696.31,311.46,1.9,4.1,68.43
725.1,5,5,central_bus,balanced,30358.32,3444.42,18.6,3.5,64.1
1862.3,1,6,taxi,budget,77581.57,7076.92,31.5,4.8,77.76
1257.6,6,3,train,fastest,12612.79,8677.21,19.8,4.3,41.76
855.0,2,5,central_bus,comfort,42331.01,1624.47,21.9,3.5,60.71
911.0,6,4,intercity_bus,budget,37103.58,7925.89,18.7,4.1,67.71
33.2,3,6,train,balanced,29451.76,114.57,1.0,4.3,71.57
740.5,2,6,intercity_bus,fastest,53415.05,2147.53,15.3,4.1,43.1
1562.1,1,4,train,comfort,14829.18,1796.42,24.5,4.3,72.08
2338.8,2,5,central_bus,balanced,58749.68,4443.8,59.0,3.5,60.68
2037.5,1,6,train,comfort,78544.41,2343.16,31.8,4.3,70.23
85.9,1,4,train,fastest,65341.9,98.81,1.8,4.3,46.96
2159.6,1,3,train,balanced,69501.26,2483.53,33.7,4.3,65.95
1886.2,2,5,taxi,fastest,31972.76,14334.97,31.9,4.8,41.31
1879.5,4,3,intercity_bus,budget,29366.5,10901.05,38.1,4.1,61.44
1115.4,1,3,central_bus,budget,43778.63,1059.68,28.4,3.5,76.12
973.3,1,6,central_bus,comfort,8429.5,924.61,24.8,3.5,63.57
747.9,3,5,intercity_bus,fastest,75901.86,3253.41,15.5,4.1,46.66
185.7,1,4,train,fastest,15783.89,213.55,3.4,4.3,48.26
570.9,1,3,flight,comfort,72725.98,2512.04,3.1,4.7,95.75
614.5,1,3,train,comfort,11268.67,706.62,10.0,4.3,71.0
1177.3,6,3,train,comfort,66696.87,8123.11,18.6,4.3,66.03
1801.4,4,3,flight,budget,16397.19,31705.4,6.6,4.7,45.31
1152.9,2,5,train,comfort,7859.87,2651.74,18.2,4.3,66.93
167.1,3,3,train,budget,58961.71,576.47,3.1,4.3,80.75
2300.0,2,4,intercity_bus,comfort,26019.9,6669.89,46.5,4.1,65.56
2264.3,3,3,intercity_bus,fastest,58587.21,9849.52,45.8,4.1,41.75
1890.9,3,10,flight,fastest,46631.39,24959.87,6.9,4.7,93.45
2379.4,3,3,central_bus,comfort,13160.55,6781.42,60.0,3.5,57.35
1320.4,2,2,central_bus,comfort,74909.76,2508.8,33.5,3.5,63.76
2311.8,1,2,flight,budget,38923.56,10171.75,8.1,4.7,85.82
209.2,2,4,train,balanced,60083.55,481.12,3.7,4.3,70.35
896.7,5,4,train,budget,42576.54,5155.81,14.3,4.3,75.87
564.2,2,4,intercity_bus,fastest,50327.11,1636.05,11.8,4.1,44.66
494.1,4,4,train,comfort,27708.02,2272.97,8.1,4.3,71.38
363.7,8,2,bike,fastest,20027.02,4655.4,7.1,3.8,43.25
1505.1,1,4,flight,balanced,45692.77,6622.53,5.8,4.7,91.85
1881.7,3,4,train,budget,38016.42,6491.98,29.4,4.3,70.49
1400.6,3,2,train,fastest,34258.49,4831.96,22.0,4.3,46.21
378.3,8,2,train,budget,55442.54,3480.37,6.3,4.3,78.66
1952.4,8,2,train,comfort,56788.0,17961.74,30.5,4.3,66.44
1537.2,3,2,train,fastest,8444.0,5303.38,24.1,4.3,42.8
950.0,1,4,intercity_bus,balanced,30405.84,1377.43,19.5,4.1,69.11
1627.7,4,3,taxi,budget,35882.34,24740.87,27.6,4.8,46.11
646.0,1,3,flight,budget,12266.91,2842.29,3.3,4.7,87.9
848.1,4,3,train,balanced,22692.57,3901.29,13.5,4.3,64.92
2204.4,5,7,intercity_bus,fastest,8873.13,15982.2,44.6,4.1,37.04
718.5,2,6,intercity_bus,fastest,79718.16,2083.64,14.9,4.1,45.16
1143.9,3,3,flight,budget,60241.79,15099.11,4.8,4.7,84.84
2139.6,2,3,taxi,balanced,11558.76,16261.22,36.2,4.8,36.21
1707.3,2,3,car,budget,6518.7,7512.12,29.0,4.5,30.3
177.4,2,4,intercity_bus,budget,58946.59,514.52,4.0,4.1,78.32
379.1,4,2,central_bus,comfort,37939.41,1440.61,10.0,3.5,60.4
48.6,6,5,train,fastest,64009.75,335.23,1.2,4.3,47.36
1525.3,6,4,central_bus,fastest,74260.7,8694.12,38.6,3.5,39.48
1091.0,1,6,train,comfort,49947.53,1254.63,17.3,4.3,72.35
348.2,5,3,intercity_bus,fastest,19033.13,2524.68,7.5,4.1,45.4
2300.3,3,6,central_bus,fastest,63664.55,6555.87,58.0,3.5,38.99
1285.3,2,5,train,fastest,76685.88,2956.18,20.3,4.3,49.93
603.3,1,2,train,balanced,48517.35,693.78,9.8,4.3,70.78
1216.4,2,3,train,comfort,56149.81,2797.79,19.2,4.3,69.63
1640.7,5,3,train,budget,30310.6,9434.03,25.7,4.3,65.89
210.7,3,3,train,balanced,33614.58,726.87,3.7,4.3,70.04
681.0,3,3,train,budget,60099.09,2349.62,11.0,4.3,78.24
1942.5,2,4,train,comfort,74582.83,4467.77,30.4,4.3,70.34
1119.4,3,4,train,comfort,52174.13,3861.95,17.7,4.3,69.51
1325.4,1,7,bike,comfort,64238.59,2120.62,24.6,3.8,67.22
1055.8,2,2,train,fastest,17872.63,2428.28,16.7,4.3,45.95
134.0,3,10,train,balanced,20896.93,462.45,2.6,4.3,68.54
422.8,1,3,intercity_bus,comfort,44902.6,613.1,9.0,4.1,69.59
1085.9,4,5,taxi,budget,18241.56,16506.19,18.6,4.8,33.98
525.8,1,3,central_bus,fastest,52624.63,499.48,13.6,3.5,40.03
148.5,3,2,train,fastest,26873.99,512.15,2.8,4.3,49.34
2029.4,2,6,central_bus,balanced,64364.95,3855.95,51.2,3.5,63.04
2355.4,2,3,flight,balanced,65608.28,20727.75,8.2,4.7,82.57
1909.7,1,5,flight,balanced,39784.06,8402.89,7.0,4.7,90.64
2053.5,1,4,central_bus,fastest,18560.8,1950.8,51.8,3.5,40.35
603.5,5,4,taxi,comfort,53508.12,11466.23,10.6,4.8,72.44
2306.7,2,4,taxi,budget,79459.03,17530.81,38.9,4.8,69.53
496.7,4,5,central_bus,comfort,51694.32,1887.51,12.9,3.5,62.66
2284.9,8,2,intercity_bus,budget,7683.1,26504.71,46.2,4.1,27.93
2387.7,1,5,central_bus,comfort,6297.05,2268.34,60.2,3.5,59.67
1716.8,2,6,flight,balanced,29027.15,15107.69,6.4,4.7,76.67
2355.3,3,2,train,budget,19683.79,8125.82,36.7,4.3,60.34
1379.8,6,2,bike,fastest,65978.84,13246.17,25.6,3.8,43.98
645.1,5,5,train,budget,68360.43,3709.41,10.4,4.3,76.46
1065.7,2,4,intercity_bus,fastest,24396.41,3090.47,21.8,4.1,41.97
1436.7,4,4,taxi,comfort,29423.36,21838.44,24.4,4.8,66.38
203.2,1,2,train,balanced,22718.52,233.68,3.6,4.3,69.63
1505.0,8,4,intercity_bus,budget,73128.69,17457.46,30.6,4.1,66.21
2355.4,6,2,train,fastest,42698.7,16252.2,36.7,4.3,45.27
480.6,1,4,intercity_bus,comfort,54210.28,696.8,10.1,4.1,68.83
1908.5,2,5,train,balanced,36161.16,4389.44,29.9,4.3,64.53
2181.7,1,3,intercity_bus,balanced,52326.06,3163.49,44.1,4.1,70.09
2266.6,2,4,intercity_bus,balanced,33939.15,6573.06,45.8,4.1,62.01
2305.5,4,10,bike,comfort,30475.88,14755.34,42.4,3.8,58.76
1265.9,2,5,bike,comfort,52586.01,4050.75,23.5,3.8,65.86
2346.2,1,6,train,comfort,49329.66,2698.15,36.6,4.3,71.96
1824.8,2,4,flight,balanced,27014.6,16058.46,6.7,4.7,79.24
413.2,8,5,train,budget,16201.13,3801.08,6.9,4.3,66.09
1160.3,3,2,train,fastest,32643.25,4002.87,18.4,4.3,47.76
1732.4,2,2,train,comfort,36139.82,3984.62,27.2,4.3,71.3
616.2,1,3,bike,budget,52151.33,985.91,11.7,3.8,77.59
1548.3,8,4,car,fastest,73589.66,27249.34,26.3,4.5,44.76
1609.8,4,6,train,balanced,7713.86,7405.28,25.3,4.3,39.28
415.6,2,3,train,budget,23274.58,955.88,6.9,4.3,76.19
1369.3,1,5,train,balanced,19528.7,1574.64,21.6,4.3,71.27
1858.8,1,5,intercity_bus,fastest,42672.08,2695.2,37.7,4.1,41.8
1212.4,1,4,central_bus,comfort,37227.56,1151.76,30.8,3.5,60.69
58.7,2,3,train,balanced,59677.82,134.97,1.4,4.3,71.0
51.4,6,4,flight,budget,23181.19,1357.52,1.6,4.7,97.36
876.2,2,3,train,comfort,49587.38,2015.17,14.0,4.3,70.77
2225.1,4,2,car,budget,71289.29,19580.7,37.6,4.5,66.65
572.0,2,10,central_bus,fastest,73300.83,1086.73,14.8,3.5,43.86
1533.4,3,2,intercity_bus,fastest,76908.85,6670.47,31.2,4.1,43.45
556.3,3,2,flight,comfort,62994.59,7343.42,3.1,4.7,92.28
792.4,1,6,flight,budget,72949.09,3486.37,3.8,4.7,94.38
2039.9,2,3,train,budget,22589.82,4691.68,31.9,4.3,71.99
1757.4,3,5,train,budget,19818.57,6063.04,27.5,4.3,65.12
256.1,1,3,car,budget,5486.61,563.41,4.8,4.5,78.19
1046.0,2,3,train,fastest,58013.33,2405.85,16.6,4.3,48.44
99.1,2,3,train,budget,75310.04,228.0,2.0,4.3,79.2
1169.7,8,3,intercity_bus,fastest,19020.15,13568.63,23.9,4.1,37.71
1600.0,2,4,flight,budget,52770.77,14079.72,6.1,4.7,82.78
310.9,4,5,flight,budget,60984.48,5470.98,2.4,4.7,91.91
714.7,2,4,car,balanced,74571.07,3144.49,12.4,4.5,76.89
972.9,4,7,intercity_bus,balanced,53514.52,5642.66,20.0,4.1,67.42
2209.3,2,2,train,budget,77772.03,5081.36,34.5,4.3,78.34
2384.0,5,4,central_bus,fastest,30850.49,11324.07,60.1,3.5,37.25
136.4,2,4,flight,budget,31244.64,1200.67,1.9,4.7,97.83
1833.6,3,7,train,balanced,45725.94,6325.88,28.7,4.3,68.28
911.0,3,2,train,budget,33762.64,3142.9,14.5,4.3,78.48
960.1,2,4,train,balanced,5106.93,2208.29,15.3,4.3,59.09
1817.6,1,6,central_bus,budget,59882.9,1726.73,45.9,3.5,73.63
2206.7,1,3,taxi,comfort,61378.78,8385.35,37.3,4.8,72.27
2283.7,1,6,central_bus,budget,61023.1,2169.52,57.6,3.5,74.0
1397.8,5,2,bike,fastest,30876.55,11182.24,25.9,3.8,39.99
876.4,1,5,train,balanced,44171.71,1007.83,14.0,4.3,71.16
1896.5,1,7,car,comfort,31998.01,4172.28,32.1,4.5,70.48
624.9,3,5,flight,balanced,6202.73,8248.33,3.3,4.7,65.21
1366.9,2,4,train,balanced,47183.67,3143.77,21.5,4.3,72.0
879.8,2,2,bike,fastest,14282.05,2815.46,16.5,3.8,43.05
1586.2,1,7,train,budget,11003.1,1824.15,24.9,4.3,74.96
599.7,6,4,taxi,fastest,61662.43,13674.2,10.5,4.8,47.9
484.1,4,2,taxi,budget,5712.97,7357.94,8.6,4.8,30.35
2206.2,4,5,flight,comfort,76925.63,38829.59,7.8,4.7,85.21
271.3,2,4,central_bus,fastest,43644.15,515.42,7.3,3.5,41.41
1229.1,4,2,train,fastest,78726.23,5653.95,19.4,4.3,46.06
553.4,1,3,intercity_bus,balanced,9349.82,802.46,11.6,4.1,66.89
122.3,1,2,intercity_bus,fastest,48764.72,177.28,2.9,4.1,44.87
115.4,1,4,flight,budget,31199.53,507.6,1.8,4.7,96.68
445.3,2,4,flight,fastest,68261.19,3918.43,2.8,4.7,97.61
2084.2,2,4,car,fastest,32091.71,9170.68,35.2,4.5,42.61
699.5,2,6,train,comfort,24536.57,1608.79,11.3,4.3,71.48
2282.6,1,6,flight,budget,69316.48,10043.39,8.0,4.7,89.5
1408.4,2,4,car,balanced,33098.98,6197.16,24.0,4.5,65.39
1064.8,3,2,flight,budget,6262.5,14055.04,4.5,4.7,48.84
1404.8,2,5,train,comfort,34271.68,3231.06,22.1,4.3,68.59
1254.6,3,4,train,budget,54089.17,4328.28,19.8,4.3,75.89
1828.3,1,4,train,budget,24076.97,2102.54,28.6,4.3,75.77
699.5,4,4,central_bus,fastest,37399.07,2658.16,18.0,3.5,40.38
866.7,2,3,central_bus,fastest,9253.64,1646.79,22.2,3.5,41.43
2149.0,1,7,bike,budget,49106.96,3438.41,39.6,3.8,74.16
2273.1,1,2,intercity_bus,budget,61722.12,3296.0,46.0,4.1,75.55
2145.4,3,5,train,balanced,35998.44,7401.5,33.5,4.3,63.21
1024.1,4,2,central_bus,comfort,36517.45,3891.55,26.1,3.5,62.9
1879.5,2,7,taxi,fastest,11621.19,14283.94,31.8,4.8,37.15
1158.9,2,2,car,fastest,20145.56,5099.23,19.8,4.5,45.44
1209.2,4,2,flight,fastest,16600.65,21281.38,5.0,4.7,90.36
515.1,3,3,intercity_bus,fastest,41126.58,2240.65,10.8,4.1,44.11
1431.0,2,3,central_bus,budget,44694.17,2718.86,36.3,3.5,75.91
471.1,2,3,taxi,budget,76170.51,3580.68,8.4,4.8,81.19
815.8,1,4,intercity_bus,balanced,10492.36,1182.92,16.8,4.1,67.18
2056.4,3,4,train,fastest,49990.1,7094.65,32.1,4.3,46.3
520.8,2,2,train,fastest,44487.39,1197.77,8.5,4.3,48.44
198.6,8,3,train,budget,43717.48,1827.54,3.6,4.3,76.29
193.5,2,6,flight,balanced,70486.95,1703.22,2.1,4.7,95.08
2259.7,2,5,train,budget,20415.39,5197.22,35.3,4.3,66.68
1231.4,2,5,train,fastest,8058.0,2832.22,19.4,4.3,47.59
1000.3,5,5,train,fastest,55420.36,5751.76,15.9,4.3,45.49
1951.8,4,3,central_bus,comfort,30886.81,7416.77,49.3,3.5,58.01
2010.9,2,2,intercity_bus,comfort,6319.24,5831.63,40.7,4.1,53.57
817.3,3,3,central_bus,comfort,23853.05,2329.28,20.9,3.5,62.23
1673.9,2,6,train,balanced,28199.51,3849.91,26.3,4.3,66.91
1857.6,2,10,train,budget,51262.88,4272.39,29.1,4.3,77.78
1581.5,1,4,intercity_bus,fastest,17943.93,2293.21,32.1,4.1,44.5
389.3,2,2,train,fastest,35979.08,895.34,6.5,4.3,45.42
2105.8,1,2,train,balanced,41185.66,2421.72,32.9,4.3,68.2
1307.7,5,3,train,fastest,39442.8,7519.01,20.6,4.3,47.88
699.5,2,4,taxi,fastest,78045.56,5315.89,12.2,4.8,46.9
1037.8,6,2,central_bus,budget,8412.82,5915.41,26.4,3.5,43.91
119.0,2,7,train,comfort,76322.61,273.8,2.3,4.3,71.56
333.0,3,3,train,comfort,48645.29,1149.0,5.6,4.3,70.04
1844.3,2,7,bike,balanced,64679.58,5901.91,34.0,3.8,65.47
30.0,1,5,central_bus,comfort,37279.45,28.53,1.3,3.5,61.39
1017.3,2,5,intercity_bus,comfort,39037.84,2950.06,20.8,4.1,66.99
1268.3,1,4,flight,balanced,70949.49,5580.74,5.1,4.7,94.65
159.5,3,4,flight,balanced,72195.09,2105.18,2.0,4.7,96.85
2336.2,2,4,flight,comfort,22901.67,20558.52,8.2,4.7,79.95
565.9,4,4,intercity_bus,budget,19943.14,3282.32,11.8,4.1,70.8
751.0,1,4,intercity_bus,balanced,42217.64,1088.88,15.5,4.1,67.8
750.3,1,10,train,fastest,72520.78,862.9,12.0,4.3,46.65
576.1,2,5,car,balanced,29176.63,2534.78,10.1,4.5,68.8
33.5,6,5,central_bus,fastest,53901.1,190.91,1.3,3.5,41.0
1758.5,3,6,train,balanced,58111.38,6066.99,27.6,4.3,69.89
2321.4,2,3,car,balanced,63400.6,10214.26,39.2,4.5,67.79
561.6,2,2,car,comfort,47294.33,2470.93,9.9,4.5,74.27
1601.4,1,4,bike,comfort,35184.14,2562.27,29.6,3.8,64.79
1788.3,8,4,taxi,comfort,77526.2,54364.15,30.3,4.8,64.02
2040.8,3,6,bike,budget,50849.81,9795.69,37.6,3.8,69.23
1031.6,2,4,train,comfort,59642.39,2372.75,16.4,4.3,71.02
747.9,2,4,taxi,comfort,30873.71,5684.39,13.0,4.8,72.31
800.9,1,4,taxi,balanced,55246.19,3043.61,13.8,4.8,68.85
1718.9,6,2,train,balanced,24334.82,11860.5,26.9,4.3,54.35
1965.8,1,4,train,budget,23382.27,2260.63,30.7,4.3,74.87
460.4,3,6,bike,fastest,58604.17,2210.04,8.9,3.8,45.68
909.1,1,3,train,balanced,44104.61,1045.5,14.5,4.3,71.64
2167.6,3,4,taxi,balanced,56245.75,24710.62,36.6,4.8,58.82
1941.9,4,4,train,fastest,25207.89,8932.57,30.4,4.3,42.31
2364.1,3,3,train,budget,49904.25,8156.19,36.9,4.3,72.74
1817.6,3,2,intercity_bus,balanced,38295.02,7906.42,36.9,4.1,61.27
961.9,5,10,train,comfort,49772.02,5530.77,15.3,4.3,68.35
1429.8,1,3,central_bus,budget,26815.98,1358.32,36.2,3.5,74.11
1596.6,2,3,central_bus,fastest,58658.82,3033.55,40.4,3.5,42.94
215.9,1,3,train,fastest,65444.7,248.33,3.8,4.3,47.15
1320.5,8,5,train,comfort,24493.74,12148.21,20.8,4.3,66.75
1711.1,2,4,intercity_bus,comfort,27546.54,4962.16,34.7,4.1,67.09
426.6,3,4,train,comfort,54586.57,1471.6,7.1,4.3,70.85
1880.1,3,2,flight,budget,57168.89,24817.28,6.9,4.7,77.44
1413.5,1,6,intercity_bus,fastest,57807.48,2049.64,28.8,4.1,45.08
2286.8,1,3,train,comfort,56202.39,2629.78,35.7,4.3,69.74
130.5,2,3,intercity_bus,comfort,34460.58,378.57,3.1,4.1,71.59
658.8,2,4,train,fastest,34614.03,1515.29,10.6,4.3,47.69
1455.7,1,3,train,balanced,24111.32,1674.04,22.9,4.3,69.07
732.8,1,6,train,budget,16762.53,842.77,11.8,4.3,76.52
1723.2,5,7,taxi,balanced,56943.3,32740.52,29.2,4.8,54.19
1828.8,6,3,car,comfort,11989.16,24140.72,31.0,4.5,59.06
273.0,2,6,taxi,budget,75334.42,2074.52,5.0,4.8,80.6
1247.8,2,5,train,balanced,67001.47,2870.02,19.7,4.3,69.21
1236.1,1,7,train,fastest,69312.93,1421.48,19.5,4.3,48.79
905.2,3,3,intercity_bus,comfort,73000.16,3937.6,18.6,4.1,69.53
2241.0,4,4,flight,budget,35645.37,39442.16,7.9,4.7,46.4
1991.2,1,3,bike,budget,68502.55,3185.9,36.7,3.8,74.29
1682.4,1,6,train,budget,16854.6,1934.74,26.4,4.3,75.45
1723.0,4,2,train,budget,6623.13,7925.59,27.0,4.3,27.95
1124.3,3,4,central_bus,comfort,63866.85,3204.16,28.6,3.5,62.33
2212.8,1,3,taxi,comfort,10609.75,8408.48,37.4,4.8,63.43
1676.2,3,3,taxi,fastest,79139.35,19108.58,28.4,4.8,47.3
1757.7,2,4,central_bus,fastest,55609.73,3339.6,44.4,3.5,40.67
2072.2,2,6,car,fastest,61508.73,9117.71,35.0,4.5,47.46
679.5,4,4,intercity_bus,balanced,23435.29,3941.39,14.1,4.1,62.93
1942.8,4,6,car,fastest,55539.9,17096.27,32.9,4.5,45.71
492.7,2,3,bike,comfort,8241.5,1576.7,9.5,3.8,66.85
848.5,6,4,taxi,balanced,67836.93,19344.9,14.6,4.8,60.96
825.4,2,4,train,comfort,17721.81,1898.41,13.2,4.3,70.67
2349.1,4,2,train,balanced,57301.86,10805.88,36.6,4.3,68.99
2060.0,2,4,intercity_bus,fastest,21836.04,5973.98,41.7,4.1,42.14
1691.8,5,5,intercity_bus,fastest,10133.99,12265.35,34.3,4.1,34.86
1753.1,5,4,taxi,fastest,41112.03,33309.37,29.7,4.8,40.97
1362.1,1,5,train,balanced,17696.47,1566.43,21.5,4.3,68.44
2274.6,6,4,train,comfort,59708.3,15694.77,35.5,4.3,65.34
1206.1,4,2,flight,budget,22817.44,21227.95,4.9,4.7,52.58
931.8,4,2,train,comfort,30685.44,4286.4,14.8,4.3,66.74
416.4,1,4,train,fastest,47557.94,478.85,6.9,4.3,47.02
1893.3,4,3,intercity_bus,balanced,26372.62,10981.18,38.4,4.1,56.82
1770.6,4,2,central_bus,balanced,33349.11,6728.4,44.8,3.5,59.33
940.9,2,4,train,fastest,66171.63,2164.12,15.0,4.3,46.38
89.7,6,4,taxi,balanced,18440.74,2045.35,2.0,4.8,69.98
2018.4,1,3,intercity_bus,fastest,11165.12,2926.71,40.9,4.1,40.87
57.1,1,5,car,comfort,29626.83,125.53,1.5,4.5,71.39
1697.8,2,4,intercity_bus,balanced,36828.26,4923.53,34.5,4.1,65.32
2329.5,2,3,train,budget,45699.45,5357.87,36.3,4.3,74.18
1067.3,3,5,train,balanced,32931.78,3682.04,16.9,4.3,65.69
586.9,1,4,train,fastest,64243.38,674.92,9.5,4.3,48.59
1700.5,6,4,intercity_bus,budget,7948.96,14794.74,34.5,4.1,29.75
1966.6,1,4,train,fastest,37382.57,2261.58,30.8,4.3,46.6
1325.0,1,2,intercity_bus,balanced,33669.19,1921.31,27.0,4.1,67.15
2321.9,1,5,central_bus,budget,53568.39,2205.78,58.5,3.5,75.93
152.5,2,3,train,budget,77470.72,350.65,2.8,4.3,81.87
1226.4,6,7,train,balanced,43278.16,8461.92,19.4,4.3,64.2
1732.7,3,6,flight,budget,79015.76,22872.11,6.5,4.7,83.91
2074.5,4,4,car,comfort,27668.7,18255.23,35.1,4.5,64.24
454.8,1,3,train,budget,7315.11,523.06,7.5,4.3,78.06
1926.0,2,3,train,budget,17424.74,4429.82,30.1,4.3,67.66
1339.9,2,3,bike,comfort,34634.37,4287.73,24.9,3.8,63.4
969.8,2,4,train,fastest,28725.04,2230.61,15.4,4.3,46.27
342.2,1,3,bike,fastest,12279.06,547.46,6.7,3.8,45.1
2080.8,3,4,train,comfort,37449.51,7178.59,32.5,4.3,71.7
402.7,2,3,taxi,budget,30358.68,3060.81,7.2,4.8,75.26
764.2,4,10,train,balanced,14196.44,3515.31,12.3,4.3,64.01
717.4,2,2,car,comfort,27208.78,3156.59,12.5,4.5,71.05
2095.3,1,7,train,balanced,71482.7,2409.54,32.7,4.3,70.46
